DET,,0000205133UN322,000,,209097505,X,7304,24,26/03/2025 00:00:01,26/03/2025 00:30:00,RD,3.96,
DET,,0000205133UN322,000,,209097505,X,7304,24,26/03/2025 00:30:01,26/03/2025 01:00:00,RD,3.99,
DET,,0000205133UN322,000,,209097505,X,7304,24,26/03/2025 01:00:01,26/03/2025 01:30:00,RD,3.98,
DET,,0000205133UN322,000,,209097505,X,7304,24,26/03/2025 01:30:01,26/03/2025 02:00:00,RD,3.94,
DET,,0000205133UN322,000,,209097505,X,7304,24,26/03/2025 02:00:01,26/03/2025 02:30:00,RD,4.02,
DET,,0000205133UN322,000,,209097505,X,7304,24,26/03/2025 02:30:01,26/03/2025 03:00:00,RD,4.06,
DET,,0000205133UN322,000,,209097505,X,7304,24,26/03/2025 03:00:01,26/03/2025 03:30:00,RD,5.59,
DET,,0000205133UN322,000,,209097505,X,7304,24,26/03/2025 03:30:01,26/03/2025 04:00:00,RD,1.29,
DET,,0000205133UN322,000,,209097505,X,7304,24,26/03/2025 04:00:01,26/03/2025 04:30:00,RD,0.41,
DET,,0000205133UN322,000,,209097505,X,7304,24,26/03/2025 04:30:01,26/03/2025 05:00:00,RD,0.38,
DET,,0000205133UN322,000,,209097505,X,7304,24,26/03/2025 05:00:01,26/03/2025 05:30:00,RD,0.31,
DET,,0000205133UN322,000,,209097505,X,7304,24,26/03/2025 05:30:01,26/03/2025 06:00:00,RD,0.27,
DET,,0000205133UN322,000,,209097505,X,7304,24,26/03/2025 06:00:01,26/03/2025 06:30:00,RD,0.98,
DET,,0000205133UN322,000,,209097505,X,7304,24,26/03/2025 06:30:01,26/03/2025 07:00:00,RD,0.37,
DET,,0000205133UN322,000,,209097505,X,7304,24,26/03/2025 07:00:01,26/03/2025 07:30:00,RD,0.35,
DET,,0000205133UN322,000,,209097505,X,7304,24,26/03/2025 07:30:01,26/03/2025 08:00:00,RD,0.77,
DET,,0000205133UN322,000,,209097505,X,7304,24,26/03/2025 08:00:01,26/03/2025 08:30:00,RD,1.37,
DET,,0000205133UN322,000,,209097505,X,7304,24,26/03/2025 08:30:01,26/03/2025 09:00:00,RD,0.29,
DET,,0000205133UN322,000,,209097505,X,7304,24,26/03/2025 09:00:01,26/03/2025 09:30:00,RD,0.31,
DET,,0000205133UN322,000,,209097505,X,7304,24,26/03/2025 09:30:01,26/03/2025 10:00:00,RD,0.3,
DET,,0000205133UN322,000,,209097505,X,7304,24,26/03/2025 10:00:01,26/03/2025 10:30:00,RD,0.23,
DET,,0000205133UN322,000,,209097505,X,7304,24,26/03/2025 10:30:01,26/03/2025 11:00:00,RD,0.25,
DET,,0000205133UN322,000,,209097505,X,7304,24,26/03/2025 11:00:01,26/03/2025 11:30:00,RD,0.19,
DET,,0000205133UN322,000,,209097505,X,7304,24,26/03/2025 11:30:01,26/03/2025 12:00:00,RD,0.22,
DET,,0000205133UN322,000,,209097505,X,7304,24,26/03/2025 12:00:01,26/03/2025 12:30:00,RD,0.24,
DET,,0000205133UN322,000,,209097505,X,7304,24,26/03/2025 12:30:01,26/03/2025 13:00:00,RD,0.24,
DET,,0000205133UN322,000,,209097505,X,7304,24,26/03/2025 13:00:01,26/03/2025 13:30:00,RD,1.85,
DET,,0000205133UN322,000,,209097505,X,7304,24,26/03/2025 13:30:01,26/03/2025 14:00:00,RD,1.43,
DET,,0000205133UN322,000,,209097505,X,7304,24,26/03/2025 14:00:01,26/03/2025 14:30:00,RD,0.24,
DET,,0000205133UN322,000,,209097505,X,7304,24,26/03/2025 14:30:01,26/03/2025 15:00:00,RD,0.2,
DET,,0000205133UN322,000,,209097505,X,7304,24,26/03/2025 15:00:01,26/03/2025 15:30:00,RD,0.2,
DET,,0000205133UN322,000,,209097505,X,7304,24,26/03/2025 15:30:01,26/03/2025 16:00:00,RD,0.18,
DET,,0000205133UN322,000,,209097505,X,7304,24,26/03/2025 16:00:01,26/03/2025 16:30:00,RD,0.24,
DET,,0000205133UN322,000,,209097505,X,7304,24,26/03/2025 16:30:01,26/03/2025 17:00:00,RD,0.18,
DET,,0000205133UN322,000,,209097505,X,7304,24,26/03/2025 17:00:01,26/03/2025 17:30:00,RD,0.22,
DET,,0000205133UN322,000,,209097505,X,7304,24,26/03/2025 17:30:01,26/03/2025 18:00:00,RD,0.2,
DET,,0000205133UN322,000,,209097505,X,7304,24,26/03/2025 18:00:01,26/03/2025 18:30:00,RD,0.23,
DET,,0000205133UN322,000,,209097505,X,7304,24,26/03/2025 18:30:01,26/03/2025 19:00:00,RD,0.25,
DET,,0000205133UN322,000,,209097505,X,7304,24,26/03/2025 19:00:01,26/03/2025 19:30:00,RD,0.23,
DET,,0000205133UN322,000,,209097505,X,7304,24,26/03/2025 19:30:01,26/03/2025 20:00:00,RD,0.29,
DET,,0000205133UN322,000,,209097505,X,7304,24,26/03/2025 20:00:01,26/03/2025 20:30:00,RD,0.47,
DET,,0000205133UN322,000,,209097505,X,7304,24,26/03/2025 20:30:01,26/03/2025 21:00:00,RD,0.4,
DET,,0000205133UN322,000,,209097505,X,7304,24,26/03/2025 21:00:01,26/03/2025 21:30:00,RD,1.3,
DET,,0000205133UN322,000,,209097505,X,7304,24,26/03/2025 21:30:01,26/03/2025 22:00:00,RD,1.36,
DET,,0000205133UN322,000,,209097505,X,7304,24,26/03/2025 22:00:01,26/03/2025 22:30:00,RD,0.61,
DET,,0000205133UN322,000,,209097505,X,7304,24,26/03/2025 22:30:01,26/03/2025 23:00:00,RD,0.4,
DET,,0000205133UN322,000,,209097505,X,7304,24,26/03/2025 23:00:01,26/03/2025 23:30:00,RD,0.85,
DET,,0000205133UN322,000,,209097505,X,7304,24,26/03/2025 23:30:01,27/03/2025 00:00:00,RD,0.34,
DET,,0000205133UN322,000,,209097505,X,D,14,26/03/2025 23:59:54,27/03/2025 23:59:53,RD,15.28,
DET,,0000205133UN322,000,,209097505,X,N,10,26/03/2025 23:59:54,27/03/2025 23:59:53,RD,13.26,
DET,,0000205133UN322,000,,209097505,X,7304,24,27/03/2025 00:00:01,27/03/2025 00:30:00,RD,0.3,
DET,,0000205133UN322,000,,209097505,X,7304,24,27/03/2025 00:30:01,27/03/2025 01:00:00,RD,0.23,
DET,,0000205133UN322,000,,209097505,X,7304,24,27/03/2025 01:00:01,27/03/2025 01:30:00,RD,0.24,
DET,,0000205133UN322,000,,209097505,X,7304,24,27/03/2025 01:30:01,27/03/2025 02:00:00,RD,0.21,
DET,,0000205133UN322,000,,209097505,X,7304,24,27/03/2025 02:00:01,27/03/2025 02:30:00,RD,0.25,
DET,,0000205133UN322,000,,209097505,X,7304,24,27/03/2025 02:30:01,27/03/2025 03:00:00,RD,0.32,
DET,,0000205133UN322,000,,209097505,X,7304,24,27/03/2025 03:00:01,27/03/2025 03:30:00,RD,1.9,
DET,,0000205133UN322,000,,209097505,X,7304,24,27/03/2025 03:30:01,27/03/2025 04:00:00,RD,0.29,
DET,,0000205133UN322,000,,209097505,X,7304,24,27/03/2025 04:00:01,27/03/2025 04:30:00,RD,0.26,
DET,,0000205133UN322,000,,209097505,X,7304,24,27/03/2025 04:30:01,27/03/2025 05:00:00,RD,0.32,
DET,,0000205133UN322,000,,209097505,X,7304,24,27/03/2025 05:00:01,27/03/2025 05:30:00,RD,0.27,
DET,,0000205133UN322,000,,209097505,X,7304,24,27/03/2025 05:30:01,27/03/2025 06:00:00,RD,0.29,
DET,,0000205133UN322,000,,209097505,X,7304,24,27/03/2025 06:00:01,27/03/2025 06:30:00,RD,0.82,
DET,,0000205133UN322,000,,209097505,X,7304,24,27/03/2025 06:30:01,27/03/2025 07:00:00,RD,0.8,
DET,,0000205133UN322,000,,209097505,X,7304,24,27/03/2025 07:00:01,27/03/2025 07:30:00,RD,1.85,
DET,,0000205133UN322,000,,209097505,X,7304,24,27/03/2025 07:30:01,27/03/2025 08:00:00,RD,2.27,
DET,,0000205133UN322,000,,209097505,X,7304,24,27/03/2025 08:00:01,27/03/2025 08:30:00,RD,0.47,
DET,,0000205133UN322,000,,209097505,X,7304,24,27/03/2025 08:30:01,27/03/2025 09:00:00,RD,0.37,
DET,,0000205133UN322,000,,209097505,X,7304,24,27/03/2025 09:00:01,27/03/2025 09:30:00,RD,0.46,
DET,,0000205133UN322,000,,209097505,X,7304,24,27/03/2025 09:30:01,27/03/2025 10:00:00,RD,0.66,
DET,,0000205133UN322,000,,209097505,X,7304,24,27/03/2025 10:00:01,27/03/2025 10:30:00,RD,0.38,
DET,,0000205133UN322,000,,209097505,X,7304,24,27/03/2025 10:30:01,27/03/2025 11:00:00,RD,0.23,
DET,,0000205133UN322,000,,209097505,X,7304,24,27/03/2025 11:00:01,27/03/2025 11:30:00,RD,0.2,
DET,,0000205133UN322,000,,209097505,X,7304,24,27/03/2025 11:30:01,27/03/2025 12:00:00,RD,0.24,
DET,,0000205133UN322,000,,209097505,X,7304,24,27/03/2025 12:00:01,27/03/2025 12:30:00,RD,0.23,
DET,,0000205133UN322,000,,209097505,X,7304,24,27/03/2025 12:30:01,27/03/2025 13:00:00,RD,0.24,
DET,,0000205133UN322,000,,209097505,X,7304,24,27/03/2025 13:00:01,27/03/2025 13:30:00,RD,1.84,
DET,,0000205133UN322,000,,209097505,X,7304,24,27/03/2025 13:30:01,27/03/2025 14:00:00,RD,0.85,
DET,,0000205133UN322,000,,209097505,X,7304,24,27/03/2025 14:00:01,27/03/2025 14:30:00,RD,0.23,
DET,,0000205133UN322,000,,209097505,X,7304,24,27/03/2025 14:30:01,27/03/2025 15:00:00,RD,0.44,
DET,,0000205133UN322,000,,209097505,X,7304,24,27/03/2025 15:00:01,27/03/2025 15:30:00,RD,0.18,
DET,,0000205133UN322,000,,209097505,X,7304,24,27/03/2025 15:30:01,27/03/2025 16:00:00,RD,0.25,
DET,,0000205133UN322,000,,209097505,X,7304,24,27/03/2025 16:00:01,27/03/2025 16:30:00,RD,0.24,
DET,,0000205133UN322,000,,209097505,X,7304,24,27/03/2025 16:30:01,27/03/2025 17:00:00,RD,0.19,
DET,,0000205133UN322,000,,209097505,X,7304,24,27/03/2025 17:00:01,27/03/2025 17:30:00,RD,0.23,
DET,,0000205133UN322,000,,209097505,X,7304,24,27/03/2025 17:30:01,27/03/2025 18:00:00,RD,0.23,
DET,,0000205133UN322,000,,209097505,X,7304,24,27/03/2025 18:00:01,27/03/2025 18:30:00,RD,0.22,
DET,,0000205133UN322,000,,209097505,X,7304,24,27/03/2025 18:30:01,27/03/2025 19:00:00,RD,0.88,
DET,,0000205133UN322,000,,209097505,X,7304,24,27/03/2025 19:00:01,27/03/2025 19:30:00,RD,0.67,
DET,,0000205133UN322,000,,209097505,X,7304,24,27/03/2025 19:30:01,27/03/2025 20:00:00,RD,0.35,
DET,,0000205133UN322,000,,209097505,X,7304,24,27/03/2025 20:00:01,27/03/2025 20:30:00,RD,0.47,
DET,,0000205133UN322,000,,209097505,X,7304,24,27/03/2025 20:30:01,27/03/2025 21:00:00,RD,0.41,
DET,,0000205133UN322,000,,209097505,X,7304,24,27/03/2025 21:00:01,27/03/2025 21:30:00,RD,0.68,
DET,,0000205133UN322,000,,209097505,X,7304,24,27/03/2025 21:30:01,27/03/2025 22:00:00,RD,0.88,
DET,,0000205133UN322,000,,209097505,X,7304,24,27/03/2025 22:00:01,27/03/2025 22:30:00,RD,1.67,
DET,,0000205133UN322,000,,209097505,X,7304,24,27/03/2025 22:30:01,27/03/2025 23:00:00,RD,1.22,
DET,,0000205133UN322,000,,209097505,X,7304,24,27/03/2025 23:00:01,27/03/2025 23:30:00,RD,1.17,
DET,,0000205133UN322,000,,209097505,X,7304,24,27/03/2025 23:30:01,28/03/2025 00:00:00,RD,1.13,
DET,,0000205133UN322,000,,209097505,X,D,14,27/03/2025 23:59:54,28/03/2025 23:59:53,RD,16.19,
DET,,0000205133UN322,000,,209097505,X,N,10,27/03/2025 23:59:54,28/03/2025 23:59:53,RD,16.99,
DET,,0000205133UN322,000,,209097505,X,7304,24,28/03/2025 00:00:01,28/03/2025 00:30:00,RD,1.17,
DET,,0000205133UN322,000,,209097505,X,7304,24,28/03/2025 00:30:01,28/03/2025 01:00:00,RD,1.11,
DET,,0000205133UN322,000,,209097505,X,7304,24,28/03/2025 01:00:01,28/03/2025 01:30:00,RD,1.08,
DET,,0000205133UN322,000,,209097505,X,7304,24,28/03/2025 01:30:01,28/03/2025 02:00:00,RD,0.22,
DET,,0000205133UN322,000,,209097505,X,7304,24,28/03/2025 02:00:01,28/03/2025 02:30:00,RD,0.27,
DET,,0000205133UN322,000,,209097505,X,7304,24,28/03/2025 02:30:01,28/03/2025 03:00:00,RD,0.27,
DET,,0000205133UN322,000,,209097505,X,7304,24,28/03/2025 03:00:01,28/03/2025 03:30:00,RD,1.95,
DET,,0000205133UN322,000,,209097505,X,7304,24,28/03/2025 03:30:01,28/03/2025 04:00:00,RD,0.36,
DET,,0000205133UN322,000,,209097505,X,7304,24,28/03/2025 04:00:01,28/03/2025 04:30:00,RD,0.29,
DET,,0000205133UN322,000,,209097505,X,7304,24,28/03/2025 04:30:01,28/03/2025 05:00:00,RD,0.28,
DET,,0000205133UN322,000,,209097505,X,7304,24,28/03/2025 05:00:01,28/03/2025 05:30:00,RD,0.27,
DET,,0000205133UN322,000,,209097505,X,7304,24,28/03/2025 05:30:01,28/03/2025 06:00:00,RD,0.26,
DET,,0000205133UN322,000,,209097505,X,7304,24,28/03/2025 06:00:01,28/03/2025 06:30:00,RD,0.84,
DET,,0000205133UN322,000,,209097505,X,7304,24,28/03/2025 06:30:01,28/03/2025 07:00:00,RD,0.29,
DET,,0000205133UN322,000,,209097505,X,7304,24,28/03/2025 07:00:01,28/03/2025 07:30:00,RD,0.33,
DET,,0000205133UN322,000,,209097505,X,7304,24,28/03/2025 07:30:01,28/03/2025 08:00:00,RD,1.4,
DET,,0000205133UN322,000,,209097505,X,7304,24,28/03/2025 08:00:01,28/03/2025 08:30:00,RD,1.73,
DET,,0000205133UN322,000,,209097505,X,7304,24,28/03/2025 08:30:01,28/03/2025 09:00:00,RD,0.28,
DET,,0000205133UN322,000,,209097505,X,7304,24,28/03/2025 09:00:01,28/03/2025 09:30:00,RD,0.27,
DET,,0000205133UN322,000,,209097505,X,7304,24,28/03/2025 09:30:01,28/03/2025 10:00:00,RD,0.3,
DET,,0000205133UN322,000,,209097505,X,7304,24,28/03/2025 10:00:01,28/03/2025 10:30:00,RD,0.27,
DET,,0000205133UN322,000,,209097505,X,7304,24,28/03/2025 10:30:01,28/03/2025 11:00:00,RD,0.23,
DET,,0000205133UN322,000,,209097505,X,7304,24,28/03/2025 11:00:01,28/03/2025 11:30:00,RD,0.2,
DET,,0000205133UN322,000,,209097505,X,7304,24,28/03/2025 11:30:01,28/03/2025 12:00:00,RD,0.24,
DET,,0000205133UN322,000,,209097505,X,7304,24,28/03/2025 12:00:01,28/03/2025 12:30:00,RD,0.22,
DET,,0000205133UN322,000,,209097505,X,7304,24,28/03/2025 12:30:01,28/03/2025 13:00:00,RD,0.19,
DET,,0000205133UN322,000,,209097505,X,7304,24,28/03/2025 13:00:01,28/03/2025 13:30:00,RD,1.83,
DET,,0000205133UN322,000,,209097505,X,7304,24,28/03/2025 13:30:01,28/03/2025 14:00:00,RD,1.66,
DET,,0000205133UN322,000,,209097505,X,7304,24,28/03/2025 14:00:01,28/03/2025 14:30:00,RD,0.16,
DET,,0000205133UN322,000,,209097505,X,7304,24,28/03/2025 14:30:01,28/03/2025 15:00:00,RD,0.19,
DET,,0000205133UN322,000,,209097505,X,7304,24,28/03/2025 15:00:01,28/03/2025 15:30:00,RD,0.2,
DET,,0000205133UN322,000,,209097505,X,7304,24,28/03/2025 15:30:01,28/03/2025 16:00:00,RD,0.23,
DET,,0000205133UN322,000,,209097505,X,7304,24,28/03/2025 16:00:01,28/03/2025 16:30:00,RD,0.34,
DET,,0000205133UN322,000,,209097505,X,7304,24,28/03/2025 16:30:01,28/03/2025 17:00:00,RD,0.26,
DET,,0000205133UN322,000,,209097505,X,7304,24,28/03/2025 17:00:01,28/03/2025 17:30:00,RD,0.19,
DET,,0000205133UN322,000,,209097505,X,7304,24,28/03/2025 17:30:01,28/03/2025 18:00:00,RD,0.76,
DET,,0000205133UN322,000,,209097505,X,7304,24,28/03/2025 18:00:01,28/03/2025 18:30:00,RD,1.02,
DET,,0000205133UN322,000,,209097505,X,7304,24,28/03/2025 18:30:01,28/03/2025 19:00:00,RD,0.96,
DET,,0000205133UN322,000,,209097505,X,7304,24,28/03/2025 19:00:01,28/03/2025 19:30:00,RD,0.93,
DET,,0000205133UN322,000,,209097505,X,7304,24,28/03/2025 19:30:01,28/03/2025 20:00:00,RD,0.88,
DET,,0000205133UN322,000,,209097505,X,7304,24,28/03/2025 20:00:01,28/03/2025 20:30:00,RD,0.47,
DET,,0000205133UN322,000,,209097505,X,7304,24,28/03/2025 20:30:01,28/03/2025 21:00:00,RD,0.44,
DET,,0000205133UN322,000,,209097505,X,7304,24,28/03/2025 21:00:01,28/03/2025 21:30:00,RD,1.27,
DET,,0000205133UN322,000,,209097505,X,7304,24,28/03/2025 21:30:01,28/03/2025 22:00:00,RD,1.42,
DET,,0000205133UN322,000,,209097505,X,7304,24,28/03/2025 22:00:01,28/03/2025 22:30:00,RD,1.47,
DET,,0000205133UN322,000,,209097505,X,7304,24,28/03/2025 22:30:01,28/03/2025 23:00:00,RD,1.23,
DET,,0000205133UN322,000,,209097505,X,7304,24,28/03/2025 23:00:01,28/03/2025 23:30:00,RD,1.74,
DET,,0000205133UN322,000,,209097505,X,7304,24,28/03/2025 23:30:01,29/03/2025 00:00:00,RD,1.23,
DET,,0000205133UN322,000,,209097505,X,D,14,28/03/2025 23:59:54,29/03/2025 23:59:53,RD,9.72,
DET,,0000205133UN322,000,,209097505,X,N,10,28/03/2025 23:59:54,29/03/2025 23:59:53,RD,12.05,
DET,,0000205133UN322,000,,209097505,X,7304,24,29/03/2025 00:00:01,29/03/2025 00:30:00,RD,0.58,
DET,,0000205133UN322,000,,209097505,X,7304,24,29/03/2025 00:30:01,29/03/2025 01:00:00,RD,0.22,
DET,,0000205133UN322,000,,209097505,X,7304,24,29/03/2025 01:00:01,29/03/2025 01:30:00,RD,0.22,
DET,,0000205133UN322,000,,209097505,X,7304,24,29/03/2025 01:30:01,29/03/2025 02:00:00,RD,0.25,
DET,,0000205133UN322,000,,209097505,X,7304,24,29/03/2025 02:00:01,29/03/2025 02:30:00,RD,0.26,
DET,,0000205133UN322,000,,209097505,X,7304,24,29/03/2025 02:30:01,29/03/2025 03:00:00,RD,0.29,
DET,,0000205133UN322,000,,209097505,X,7304,24,29/03/2025 03:00:01,29/03/2025 03:30:00,RD,2.0,
DET,,0000205133UN322,000,,209097505,X,7304,24,29/03/2025 03:30:01,29/03/2025 04:00:00,RD,0.79,
DET,,0000205133UN322,000,,209097505,X,7304,24,29/03/2025 04:00:01,29/03/2025 04:30:00,RD,0.31,
DET,,0000205133UN322,000,,209097505,X,7304,24,29/03/2025 04:30:01,29/03/2025 05:00:00,RD,0.3,
DET,,0000205133UN322,000,,209097505,X,7304,24,29/03/2025 05:00:01,29/03/2025 05:30:00,RD,0.29,
DET,,0000205133UN322,000,,209097505,X,7304,24,29/03/2025 05:30:01,29/03/2025 06:00:00,RD,0.91,
DET,,0000205133UN322,000,,209097505,X,7304,24,29/03/2025 06:00:01,29/03/2025 06:30:00,RD,0.26,
DET,,0000205133UN322,000,,209097505,X,7304,24,29/03/2025 06:30:01,29/03/2025 07:00:00,RD,0.32,
DET,,0000205133UN322,000,,209097505,X,7304,24,29/03/2025 07:00:01,29/03/2025 07:30:00,RD,0.26,
DET,,0000205133UN322,000,,209097505,X,7304,24,29/03/2025 07:30:01,29/03/2025 08:00:00,RD,0.62,
DET,,0000205133UN322,000,,209097505,X,7304,24,29/03/2025 08:00:01,29/03/2025 08:30:00,RD,1.17,
DET,,0000205133UN322,000,,209097505,X,7304,24,29/03/2025 08:30:01,29/03/2025 09:00:00,RD,0.25,
DET,,0000205133UN322,000,,209097505,X,7304,24,29/03/2025 09:00:01,29/03/2025 09:30:00,RD,0.35,
DET,,0000205133UN322,000,,209097505,X,7304,24,29/03/2025 09:30:01,29/03/2025 10:00:00,RD,0.42,
DET,,0000205133UN322,000,,209097505,X,7304,24,29/03/2025 10:00:01,29/03/2025 10:30:00,RD,0.23,
DET,,0000205133UN322,000,,209097505,X,7304,24,29/03/2025 10:30:01,29/03/2025 11:00:00,RD,0.26,
DET,,0000205133UN322,000,,209097505,X,7304,24,29/03/2025 11:00:01,29/03/2025 11:30:00,RD,0.19,
DET,,0000205133UN322,000,,209097505,X,7304,24,29/03/2025 11:30:01,29/03/2025 12:00:00,RD,0.26,
DET,,0000205133UN322,000,,209097505,X,7304,24,29/03/2025 12:00:01,29/03/2025 12:30:00,RD,0.25,
DET,,0000205133UN322,000,,209097505,X,7304,24,29/03/2025 12:30:01,29/03/2025 13:00:00,RD,0.26,
DET,,0000205133UN322,000,,209097505,X,7304,24,29/03/2025 13:00:01,29/03/2025 13:30:00,RD,1.05,
DET,,0000205133UN322,000,,209097505,X,7304,24,29/03/2025 13:30:01,29/03/2025 14:00:00,RD,0.15,
DET,,0000205133UN322,000,,209097505,X,7304,24,29/03/2025 14:00:01,29/03/2025 14:30:00,RD,0.21,
DET,,0000205133UN322,000,,209097505,X,7304,24,29/03/2025 14:30:01,29/03/2025 15:00:00,RD,0.35,
DET,,0000205133UN322,000,,209097505,X,7304,24,29/03/2025 15:00:01,29/03/2025 15:30:00,RD,0.19,
DET,,0000205133UN322,000,,209097505,X,7304,24,29/03/2025 15:30:01,29/03/2025 16:00:00,RD,0.15,
DET,,0000205133UN322,000,,209097505,X,7304,24,29/03/2025 16:00:01,29/03/2025 16:30:00,RD,0.23,
DET,,0000205133UN322,000,,209097505,X,7304,24,29/03/2025 16:30:01,29/03/2025 17:00:00,RD,0.26,
DET,,0000205133UN322,000,,209097505,X,7304,24,29/03/2025 17:00:01,29/03/2025 17:30:00,RD,0.19,
DET,,0000205133UN322,000,,209097505,X,7304,24,29/03/2025 17:30:01,29/03/2025 18:00:00,RD,0.21,
DET,,0000205133UN322,000,,209097505,X,7304,24,29/03/2025 18:00:01,29/03/2025 18:30:00,RD,0.19,
DET,,0000205133UN322,000,,209097505,X,7304,24,29/03/2025 18:30:01,29/03/2025 19:00:00,RD,0.51,
DET,,0000205133UN322,000,,209097505,X,7304,24,29/03/2025 19:00:01,29/03/2025 19:30:00,RD,0.34,
DET,,0000205133UN322,000,,209097505,X,7304,24,29/03/2025 19:30:01,29/03/2025 20:00:00,RD,0.32,
DET,,0000205133UN322,000,,209097505,X,7304,24,29/03/2025 20:00:01,29/03/2025 20:30:00,RD,0.44,
DET,,0000205133UN322,000,,209097505,X,7304,24,29/03/2025 20:30:01,29/03/2025 21:00:00,RD,0.42,
DET,,0000205133UN322,000,,209097505,X,7304,24,29/03/2025 21:00:01,29/03/2025 21:30:00,RD,1.36,
DET,,0000205133UN322,000,,209097505,X,7304,24,29/03/2025 21:30:01,29/03/2025 22:00:00,RD,1.44,
DET,,0000205133UN322,000,,209097505,X,7304,24,29/03/2025 22:00:01,29/03/2025 22:30:00,RD,0.77,
DET,,0000205133UN322,000,,209097505,X,7304,24,29/03/2025 22:30:01,29/03/2025 23:00:00,RD,0.41,
DET,,0000205133UN322,000,,209097505,X,7304,24,29/03/2025 23:00:01,29/03/2025 23:30:00,RD,0.77,
DET,,0000205133UN322,000,,209097505,X,7304,24,29/03/2025 23:30:01,30/03/2025 00:00:00,RD,0.3,
DET,,0000205133UN322,000,,209097505,X,D,14,29/03/2025 23:59:54,30/03/2025 23:59:53,RD,27.06,
DET,,0000205133UN322,000,,209097505,X,N,10,29/03/2025 23:59:54,30/03/2025 23:59:53,RD,10.68,
DET,,0000205133UN322,000,,209097505,X,7304,24,30/03/2025 00:00:01,30/03/2025 00:30:00,RD,0.34,
DET,,0000205133UN322,000,,209097505,X,7304,24,30/03/2025 00:30:01,30/03/2025 01:00:00,RD,0.27,
DET,,0000205133UN322,000,,209097505,X,7304,24,30/03/2025 01:00:01,30/03/2025 01:30:00,RD,0.28,
DET,,0000205133UN322,000,,209097505,X,7304,24,30/03/2025 01:30:01,30/03/2025 02:00:00,RD,0.23,
DET,,0000205133UN322,000,,209097505,X,7304,24,30/03/2025 02:00:01,30/03/2025 02:30:00,RD,0.33,
DET,,0000205133UN322,000,,209097505,X,7304,24,30/03/2025 02:30:01,30/03/2025 03:00:00,RD,0.3,
DET,,0000205133UN322,000,,209097505,X,7304,24,30/03/2025 03:00:01,30/03/2025 03:30:00,RD,1.98,
DET,,0000205133UN322,000,,209097505,X,7304,24,30/03/2025 03:30:01,30/03/2025 04:00:00,RD,1.61,
DET,,0000205133UN322,000,,209097505,X,7304,24,30/03/2025 04:00:01,30/03/2025 04:30:00,RD,0.31,
DET,,0000205133UN322,000,,209097505,X,7304,24,30/03/2025 04:30:01,30/03/2025 05:00:00,RD,0.31,
DET,,0000205133UN322,000,,209097505,X,7304,24,30/03/2025 05:00:01,30/03/2025 05:30:00,RD,0.27,
DET,,0000205133UN322,000,,209097505,X,7304,24,30/03/2025 05:30:01,30/03/2025 06:00:00,RD,0.29,
DET,,0000205133UN322,000,,209097505,X,7304,24,30/03/2025 06:00:01,30/03/2025 06:30:00,RD,0.35,
DET,,0000205133UN322,000,,209097505,X,7304,24,30/03/2025 06:30:01,30/03/2025 07:00:00,RD,0.75,
DET,,0000205133UN322,000,,209097505,X,7304,24,30/03/2025 07:00:01,30/03/2025 07:30:00,RD,0.22,
DET,,0000205133UN322,000,,209097505,X,7304,24,30/03/2025 07:30:01,30/03/2025 08:00:00,RD,0.2,
DET,,0000205133UN322,000,,209097505,X,7304,24,30/03/2025 08:00:01,30/03/2025 08:30:00,RD,0.73,
DET,,0000205133UN322,000,,209097505,X,7304,24,30/03/2025 08:30:01,30/03/2025 09:00:00,RD,4.19,
DET,,0000205133UN322,000,,209097505,X,7304,24,30/03/2025 09:00:01,30/03/2025 09:30:00,RD,3.83,
DET,,0000205133UN322,000,,209097505,X,7304,24,30/03/2025 09:30:01,30/03/2025 10:00:00,RD,2.88,
DET,,0000205133UN322,000,,209097505,X,7304,24,30/03/2025 10:00:01,30/03/2025 10:30:00,RD,0.22,
DET,,0000205133UN322,000,,209097505,X,7304,24,30/03/2025 10:30:01,30/03/2025 11:00:00,RD,0.18,
DET,,0000205133UN322,000,,209097505,X,7304,24,30/03/2025 11:00:01,30/03/2025 11:30:00,RD,0.31,
DET,,0000205133UN322,000,,209097505,X,7304,24,30/03/2025 11:30:01,30/03/2025 12:00:00,RD,0.21,
DET,,0000205133UN322,000,,209097505,X,7304,24,30/03/2025 12:00:01,30/03/2025 12:30:00,RD,0.19,
DET,,0000205133UN322,000,,209097505,X,7304,24,30/03/2025 12:30:01,30/03/2025 13:00:00,RD,0.41,
DET,,0000205133UN322,000,,209097505,X,7304,24,30/03/2025 13:00:01,30/03/2025 13:30:00,RD,2.2,
DET,,0000205133UN322,000,,209097505,X,7304,24,30/03/2025 13:30:01,30/03/2025 14:00:00,RD,2.09,
DET,,0000205133UN322,000,,209097505,X,7304,24,30/03/2025 14:00:01,30/03/2025 14:30:00,RD,2.03,
DET,,0000205133UN322,000,,209097505,X,7304,24,30/03/2025 14:30:01,30/03/2025 15:00:00,RD,0.95,
DET,,0000205133UN322,000,,209097505,X,7304,24,30/03/2025 15:00:01,30/03/2025 15:30:00,RD,0.34,
DET,,0000205133UN322,000,,209097505,X,7304,24,30/03/2025 15:30:01,30/03/2025 16:00:00,RD,0.68,
DET,,0000205133UN322,000,,209097505,X,7304,24,30/03/2025 16:00:01,30/03/2025 16:30:00,RD,0.52,
DET,,0000205133UN322,000,,209097505,X,7304,24,30/03/2025 16:30:01,30/03/2025 17:00:00,RD,0.3,
DET,,0000205133UN322,000,,209097505,X,7304,24,30/03/2025 17:00:01,30/03/2025 17:30:00,RD,0.33,
DET,,0000205133UN322,000,,209097505,X,7304,24,30/03/2025 17:30:01,30/03/2025 18:00:00,RD,0.32,
DET,,0000205133UN322,000,,209097505,X,7304,24,30/03/2025 18:00:01,30/03/2025 18:30:00,RD,0.32,
DET,,0000205133UN322,000,,209097505,X,7304,24,30/03/2025 18:30:01,30/03/2025 19:00:00,RD,1.29,
DET,,0000205133UN322,000,,209097505,X,7304,24,30/03/2025 19:00:01,30/03/2025 19:30:00,RD,0.72,
DET,,0000205133UN322,000,,209097505,X,7304,24,30/03/2025 19:30:01,30/03/2025 20:00:00,RD,0.55,
DET,,0000205133UN322,000,,209097505,X,7304,24,30/03/2025 20:00:01,30/03/2025 20:30:00,RD,0.44,
DET,,0000205133UN322,000,,209097505,X,7304,24,30/03/2025 20:30:01,30/03/2025 21:00:00,RD,0.43,
DET,,0000205133UN322,000,,209097505,X,7304,24,30/03/2025 21:00:01,30/03/2025 21:30:00,RD,0.37,
DET,,0000205133UN322,000,,209097505,X,7304,24,30/03/2025 21:30:01,30/03/2025 22:00:00,RD,0.35,
DET,,0000205133UN322,000,,209097505,X,7304,24,30/03/2025 22:00:01,30/03/2025 22:30:00,RD,0.52,
DET,,0000205133UN322,000,,209097505,X,7304,24,30/03/2025 22:30:01,30/03/2025 23:00:00,RD,0.59,
DET,,0000205133UN322,000,,209097505,X,7304,24,30/03/2025 23:00:01,30/03/2025 23:30:00,RD,0.52,
DET,,0000205133UN322,000,,209097505,X,7304,24,30/03/2025 23:30:01,31/03/2025 00:00:00,RD,0.74,
DET,,0000205133UN322,000,,209097505,X,D,14,30/03/2025 23:59:54,31/03/2025 23:59:53,RD,10.53,
DET,,0000205133UN322,000,,209097505,X,N,10,30/03/2025 23:59:54,31/03/2025 23:59:53,RD,16.84,
DET,,0000205133UN322,000,,209097505,X,7304,24,31/03/2025 00:00:01,31/03/2025 00:30:00,RD,0.31,
DET,,0000205133UN322,000,,209097505,X,7304,24,31/03/2025 00:30:01,31/03/2025 01:00:00,RD,0.2,
DET,,0000205133UN322,000,,209097505,X,7304,24,31/03/2025 01:00:01,31/03/2025 01:30:00,RD,0.21,
DET,,0000205133UN322,000,,209097505,X,7304,24,31/03/2025 01:30:01,31/03/2025 02:00:00,RD,0.17,
DET,,0000205133UN322,000,,209097505,X,7304,24,31/03/2025 02:00:01,31/03/2025 02:30:00,RD,0.27,
DET,,0000205133UN322,000,,209097505,X,7304,24,31/03/2025 02:30:01,31/03/2025 03:00:00,RD,0.28,
DET,,0000205133UN322,000,,209097505,X,7304,24,31/03/2025 03:00:01,31/03/2025 03:30:00,RD,1.95,
DET,,0000205133UN322,000,,209097505,X,7304,24,31/03/2025 03:30:01,31/03/2025 04:00:00,RD,1.93,
DET,,0000205133UN322,000,,209097505,X,7304,24,31/03/2025 04:00:01,31/03/2025 04:30:00,RD,1.94,
DET,,0000205133UN322,000,,209097505,X,7304,24,31/03/2025 04:30:01,31/03/2025 05:00:00,RD,0.29,
DET,,0000205133UN322,000,,209097505,X,7304,24,31/03/2025 05:00:01,31/03/2025 05:30:00,RD,0.31,
DET,,0000205133UN322,000,,209097505,X,7304,24,31/03/2025 05:30:01,31/03/2025 06:00:00,RD,0.24,
DET,,0000205133UN322,000,,209097505,X,7304,24,31/03/2025 06:00:01,31/03/2025 06:30:00,RD,0.27,
DET,,0000205133UN322,000,,209097505,X,7304,24,31/03/2025 06:30:01,31/03/2025 07:00:00,RD,0.31,
DET,,0000205133UN322,000,,209097505,X,7304,24,31/03/2025 07:00:01,31/03/2025 07:30:00,RD,0.32,
DET,,0000205133UN322,000,,209097505,X,7304,24,31/03/2025 07:30:01,31/03/2025 08:00:00,RD,0.98,
DET,,0000205133UN322,000,,209097505,X,7304,24,31/03/2025 08:00:01,31/03/2025 08:30:00,RD,0.23,
DET,,0000205133UN322,000,,209097505,X,7304,24,31/03/2025 08:30:01,31/03/2025 09:00:00,RD,0.27,
DET,,0000205133UN322,000,,209097505,X,7304,24,31/03/2025 09:00:01,31/03/2025 09:30:00,RD,0.26,
DET,,0000205133UN322,000,,209097505,X,7304,24,31/03/2025 09:30:01,31/03/2025 10:00:00,RD,0.22,
DET,,0000205133UN322,000,,209097505,X,7304,24,31/03/2025 10:00:01,31/03/2025 10:30:00,RD,0.21,
DET,,0000205133UN322,000,,209097505,X,7304,24,31/03/2025 10:30:01,31/03/2025 11:00:00,RD,0.22,
DET,,0000205133UN322,000,,209097505,X,7304,24,31/03/2025 11:00:01,31/03/2025 11:30:00,RD,0.2,
DET,,0000205133UN322,000,,209097505,X,7304,24,31/03/2025 11:30:01,31/03/2025 12:00:00,RD,0.18,
DET,,0000205133UN322,000,,209097505,X,7304,24,31/03/2025 12:00:01,31/03/2025 12:30:00,RD,0.15,
DET,,0000205133UN322,000,,209097505,X,7304,24,31/03/2025 12:30:01,31/03/2025 13:00:00,RD,0.22,
DET,,0000205133UN322,000,,209097505,X,7304,24,31/03/2025 13:00:01,31/03/2025 13:30:00,RD,1.8,
DET,,0000205133UN322,000,,209097505,X,7304,24,31/03/2025 13:30:01,31/03/2025 14:00:00,RD,0.85,
DET,,0000205133UN322,000,,209097505,X,7304,24,31/03/2025 14:00:01,31/03/2025 14:30:00,RD,0.15,
DET,,0000205133UN322,000,,209097505,X,7304,24,31/03/2025 14:30:01,31/03/2025 15:00:00,RD,0.21,
DET,,0000205133UN322,000,,209097505,X,7304,24,31/03/2025 15:00:01,31/03/2025 15:30:00,RD,0.18,
DET,,0000205133UN322,000,,209097505,X,7304,24,31/03/2025 15:30:01,31/03/2025 16:00:00,RD,0.17,
DET,,0000205133UN322,000,,209097505,X,7304,24,31/03/2025 16:00:01,31/03/2025 16:30:00,RD,0.27,
DET,,0000205133UN322,000,,209097505,X,7304,24,31/03/2025 16:30:01,31/03/2025 17:00:00,RD,0.29,
DET,,0000205133UN322,000,,209097505,X,7304,24,31/03/2025 17:00:01,31/03/2025 17:30:00,RD,0.26,
DET,,0000205133UN322,000,,209097505,X,7304,24,31/03/2025 17:30:01,31/03/2025 18:00:00,RD,0.21,
DET,,0000205133UN322,000,,209097505,X,7304,24,31/03/2025 18:00:01,31/03/2025 18:30:00,RD,0.19,
DET,,0000205133UN322,000,,209097505,X,7304,24,31/03/2025 18:30:01,31/03/2025 19:00:00,RD,0.94,
DET,,0000205133UN322,000,,209097505,X,7304,24,31/03/2025 19:00:01,31/03/2025 19:30:00,RD,0.31,
DET,,0000205133UN322,000,,209097505,X,7304,24,31/03/2025 19:30:01,31/03/2025 20:00:00,RD,0.41,
DET,,0000205133UN322,000,,209097505,X,7304,24,31/03/2025 20:00:01,31/03/2025 20:30:00,RD,0.46,
DET,,0000205133UN322,000,,209097505,X,7304,24,31/03/2025 20:30:01,31/03/2025 21:00:00,RD,0.39,
DET,,0000205133UN322,000,,209097505,X,7304,24,31/03/2025 21:00:01,31/03/2025 21:30:00,RD,1.24,
DET,,0000205133UN322,000,,209097505,X,7304,24,31/03/2025 21:30:01,31/03/2025 22:00:00,RD,1.25,
DET,,0000205133UN322,000,,209097505,X,7304,24,31/03/2025 22:00:01,31/03/2025 22:30:00,RD,1.38,
DET,,0000205133UN322,000,,209097505,X,7304,24,31/03/2025 22:30:01,31/03/2025 23:00:00,RD,1.43,
DET,,0000205133UN322,000,,209097505,X,7304,24,31/03/2025 23:00:01,31/03/2025 23:30:00,RD,1.48,
DET,,0000205133UN322,000,,209097505,X,7304,24,31/03/2025 23:30:01,01/04/2025 00:00:00,RD,1.4,
DET,,0000205133UN322,000,,209097505,X,D,14,31/03/2025 23:59:54,01/04/2025 23:59:53,RD,11.87,
DET,,0000205133UN322,000,,209097505,X,N,10,31/03/2025 23:59:54,01/04/2025 23:59:53,RD,27.8,
DET,,0000205133UN322,000,,209097505,X,D,14,01/04/2025 23:59:54,02/04/2025 23:59:53,RD,15.26,
DET,,0000205133UN322,000,,209097505,X,N,10,01/04/2025 23:59:54,02/04/2025 23:59:53,RD,37.52,
DET,,0000205133UN322,000,,209097505,X,D,14,02/04/2025 23:59:54,03/04/2025 23:59:53,RD,20.92,
DET,,0000205133UN322,000,,209097505,X,N,10,02/04/2025 23:59:54,03/04/2025 23:59:53,RD,9.32,
DET,,0000205133UN322,000,,209097505,X,D,14,03/04/2025 23:59:54,04/04/2025 23:59:53,RD,13.32,
DET,,0000205133UN322,000,,209097505,X,N,10,03/04/2025 23:59:54,04/04/2025 23:59:53,RD,11.52,
DET,,0000205133UN322,000,,209097505,X,D,14,04/04/2025 23:59:54,05/04/2025 23:59:53,RD,11.02,
DET,,0000205133UN322,000,,209097505,X,N,10,04/04/2025 23:59:54,05/04/2025 23:59:53,RD,9.65,
DET,,0000205133UN322,000,NZST,209097505,X,D,14,05/04/2025 23:59:54,06/04/2025 23:59:53,RD,14.7,
DET,,0000205133UN322,000,NZST,209097505,X,N,10,05/04/2025 23:59:54,06/04/2025 23:59:53,RD,35.57,
DET,,0000205133UN322,000,NZST,209097505,X,D,14,06/04/2025 23:59:54,07/04/2025 23:59:53,RD,13.78,
DET,,0000205133UN322,000,NZST,209097505,X,N,10,06/04/2025 23:59:54,07/04/2025 23:59:53,RD,31.74,
DET,,0000205133UN322,000,NZST,209097505,X,D,14,07/04/2025 23:59:54,08/04/2025 23:59:53,RD,13.9,
DET,,0000205133UN322,000,NZST,209097505,X,N,10,07/04/2025 23:59:54,08/04/2025 23:59:53,RD,8.66,
DET,,0000205133UN322,000,NZST,209097505,X,D,14,08/04/2025 23:59:54,09/04/2025 23:59:53,RD,16.48,
DET,,0000205133UN322,000,NZST,209097505,X,N,10,08/04/2025 23:59:54,09/04/2025 23:59:53,RD,9.75,
DET,,0000205133UN322,000,NZST,209097505,X,D,14,09/04/2025 23:59:54,10/04/2025 23:59:53,RD,13.36,
DET,,0000205133UN322,000,NZST,209097505,X,N,10,09/04/2025 23:59:54,10/04/2025 23:59:53,RD,13.31,
DET,,0000205133UN322,000,NZST,209097505,X,D,14,10/04/2025 23:59:54,11/04/2025 23:59:53,RD,13.69,
DET,,0000205133UN322,000,NZST,209097505,X,N,10,10/04/2025 23:59:54,11/04/2025 23:59:53,RD,37.08,
DET,,0000205133UN322,000,NZST,209097505,X,D,14,11/04/2025 23:59:54,12/04/2025 23:59:53,RD,12.86,
DET,,0000205133UN322,000,NZST,209097505,X,N,10,11/04/2025 23:59:54,12/04/2025 23:59:53,RD,34.75,
DET,,0000205133UN322,000,NZST,209097505,X,D,14,12/04/2025 23:59:54,13/04/2025 23:59:53,RD,12.74,
DET,,0000205133UN322,000,NZST,209097505,X,N,10,12/04/2025 23:59:54,13/04/2025 23:59:53,RD,19.05,
DET,,0000205133UN322,000,NZST,209097505,X,D,14,13/04/2025 23:59:54,14/04/2025 23:59:53,RD,9.31,
DET,,0000205133UN322,000,NZST,209097505,X,N,10,13/04/2025 23:59:54,14/04/2025 23:59:53,RD,30.39,
DET,,0000205133UN322,000,NZST,209097505,X,D,14,14/04/2025 23:59:54,15/04/2025 23:59:53,RD,14.13,
DET,,0000205133UN322,000,NZST,209097505,X,N,10,14/04/2025 23:59:54,15/04/2025 23:59:53,RD,9.14,
DET,,0000205133UN322,000,NZST,209097505,X,D,14,15/04/2025 23:59:54,16/04/2025 23:59:53,RD,19.33,
DET,,0000205133UN322,000,NZST,209097505,X,N,10,15/04/2025 23:59:54,16/04/2025 23:59:53,RD,8.96,
DET,,0000205133UN322,000,NZST,209097505,X,D,14,16/04/2025 23:59:54,17/04/2025 23:59:53,RD,20.74,
DET,,0000205133UN322,000,NZST,209097505,X,N,10,16/04/2025 23:59:54,17/04/2025 23:59:53,RD,24.6,
DET,,0000205133UN322,000,NZST,209097505,X,D,14,17/04/2025 23:59:54,18/04/2025 23:59:53,RD,22.39,
DET,,0000205133UN322,000,NZST,209097505,X,N,10,17/04/2025 23:59:54,18/04/2025 23:59:53,RD,45.32,
DET,,0000205133UN322,000,NZST,209097505,X,D,14,18/04/2025 23:59:54,19/04/2025 23:59:53,RD,21.57,
DET,,0000205133UN322,000,NZST,209097505,X,N,10,18/04/2025 23:59:54,19/04/2025 23:59:53,RD,12.47,
DET,,0000205133UN322,000,NZST,209097505,X,D,14,19/04/2025 23:59:54,20/04/2025 23:59:53,RD,21.24,
DET,,0000205133UN322,000,NZST,209097505,X,N,10,19/04/2025 23:59:54,20/04/2025 23:59:53,RD,15.12,
DET,,0000205133UN322,000,NZST,209097505,X,D,14,20/04/2025 23:59:54,21/04/2025 23:59:53,RD,17.83,
DET,,0000205133UN322,000,NZST,209097505,X,N,10,20/04/2025 23:59:54,21/04/2025 23:59:53,RD,21.65,
DET,,0000205133UN322,000,NZST,209097505,X,D,14,21/04/2025 23:59:54,22/04/2025 23:59:53,RD,5.1,
DET,,0000205133UN322,000,NZST,209097505,X,N,10,21/04/2025 23:59:54,22/04/2025 23:59:53,RD,9.14,
DET,,0000205133UN322,000,NZST,209097505,X,D,14,22/04/2025 23:59:54,23/04/2025 23:59:53,RD,4.55,
DET,,0000205133UN322,000,NZST,209097505,X,N,10,22/04/2025 23:59:54,23/04/2025 23:59:53,RD,5.55,
DET,,0000205133UN322,000,NZST,209097505,X,D,14,23/04/2025 23:59:54,24/04/2025 23:59:53,RD,4.04,
DET,,0000205133UN322,000,NZST,209097505,X,N,10,23/04/2025 23:59:54,24/04/2025 23:59:53,RD,5.79,
DET,,0000205133UN322,000,NZST,209097505,X,D,14,24/04/2025 23:59:54,25/04/2025 23:59:53,RD,4.24,
DET,,0000205133UN322,000,NZST,209097505,X,N,10,24/04/2025 23:59:54,25/04/2025 23:59:53,RD,5.33,
DET,,0000205133UN322,000,NZST,209097505,X,D,14,25/04/2025 23:59:54,26/04/2025 23:59:53,RD,6.22,
DET,,0000205133UN322,000,NZST,209097505,X,N,10,25/04/2025 23:59:54,26/04/2025 23:59:53,RD,6.58,
DET,,0000205133UN322,000,NZST,209097505,X,D,14,26/04/2025 23:59:54,27/04/2025 23:59:53,RD,5.83,
DET,,0000205133UN322,000,NZST,209097505,X,N,10,26/04/2025 23:59:54,27/04/2025 23:59:53,RD,11.72,
DET,,0000205133UN322,000,NZST,209097505,X,D,14,27/04/2025 23:59:54,28/04/2025 23:59:53,RD,14.9,
DET,,0000205133UN322,000,NZST,209097505,X,N,10,27/04/2025 23:59:54,28/04/2025 23:59:53,RD,47.5,
DET,,0000205133UN322,000,NZST,209097505,X,D,14,28/04/2025 23:59:54,29/04/2025 23:59:53,RD,18.83,
DET,,0000205133UN322,000,NZST,209097505,X,N,10,28/04/2025 23:59:54,29/04/2025 23:59:53,RD,7.77,
DET,,0000205133UN322,000,NZST,209097505,X,D,14,29/04/2025 23:59:54,30/04/2025 23:59:53,RD,19.76,
DET,,0000205133UN322,000,NZST,209097505,X,N,10,29/04/2025 23:59:54,30/04/2025 23:59:53,RD,13.88,
DET,,0000205133UN322,000,NZST,209097505,X,D,14,30/04/2025 23:59:54,01/05/2025 23:59:53,RD,10.59,
DET,,0000205133UN322,000,NZST,209097505,X,N,10,30/04/2025 23:59:54,01/05/2025 23:59:53,RD,16.15,
DET,,0000205133UN322,000,NZST,209097505,X,D,14,01/05/2025 23:59:54,02/05/2025 23:59:53,RD,22.87,
DET,,0000205133UN322,000,NZST,209097505,X,N,10,01/05/2025 23:59:54,02/05/2025 23:59:53,RD,32.72,
DET,,0000205133UN322,000,NZST,209097505,X,D,14,02/05/2025 23:59:54,03/05/2025 23:59:53,RD,15.65,
DET,,0000205133UN322,000,NZST,209097505,X,N,10,02/05/2025 23:59:54,03/05/2025 23:59:53,RD,24.01,
DET,,0000205133UN322,000,NZST,209097505,X,D,14,03/05/2025 23:59:54,04/05/2025 23:59:53,RD,26.25,
DET,,0000205133UN322,000,NZST,209097505,X,N,10,03/05/2025 23:59:54,04/05/2025 23:59:53,RD,7.29,
DET,,0000205133UN322,000,NZST,209097505,X,D,14,04/05/2025 23:59:54,05/05/2025 23:59:53,RD,19.39,
DET,,0000205133UN322,000,NZST,209097505,X,N,10,04/05/2025 23:59:54,05/05/2025 23:59:53,RD,7.75,
DET,,0000205133UN322,000,NZST,209097505,X,D,14,05/05/2025 23:59:54,06/05/2025 23:59:53,RD,19.39,
DET,,0000205133UN322,000,NZST,209097505,X,N,10,05/05/2025 23:59:54,06/05/2025 23:59:53,RD,7.55,
DET,,0000205133UN322,000,NZST,209097505,X,D,14,06/05/2025 23:59:54,07/05/2025 23:59:53,RD,18.02,
DET,,0000205133UN322,000,NZST,209097505,X,N,10,06/05/2025 23:59:54,07/05/2025 23:59:53,RD,12.85,
DET,,0000205133UN322,000,NZST,209097505,X,D,14,07/05/2025 23:59:54,08/05/2025 23:59:53,RD,15.6,
DET,,0000205133UN322,000,NZST,209097505,X,N,10,07/05/2025 23:59:54,08/05/2025 23:59:53,RD,36.39,
DET,,0000205133UN322,000,NZST,209097505,X,D,14,08/05/2025 23:59:54,09/05/2025 23:59:53,RD,15.11,
DET,,0000205133UN322,000,NZST,209097505,X,N,10,08/05/2025 23:59:54,09/05/2025 23:59:53,RD,34.11,
DET,,0000205133UN322,000,NZST,209097505,X,D,14,09/05/2025 23:59:54,10/05/2025 23:59:53,RD,17.85,
DET,,0000205133UN322,000,NZST,209097505,X,N,10,09/05/2025 23:59:54,10/05/2025 23:59:53,RD,13.15,
DET,,0000205133UN322,000,NZST,209097505,X,D,14,10/05/2025 23:59:54,11/05/2025 23:59:53,RD,18.47,
DET,,0000205133UN322,000,NZST,209097505,X,N,10,10/05/2025 23:59:54,11/05/2025 23:59:53,RD,14.64,
DET,,0000205133UN322,000,NZST,209097505,X,D,14,11/05/2025 23:59:54,12/05/2025 23:59:53,RD,15.91,
DET,,0000205133UN322,000,NZST,209097505,X,N,10,11/05/2025 23:59:54,12/05/2025 23:59:53,RD,15.93,
DET,,0000205133UN322,000,NZST,209097505,X,D,14,12/05/2025 23:59:54,13/05/2025 23:59:53,RD,18.93,
DET,,0000205133UN322,000,NZST,209097505,X,N,10,12/05/2025 23:59:54,13/05/2025 23:59:53,RD,17.32,
DET,,0000205133UN322,000,NZST,209097505,X,D,14,13/05/2025 23:59:54,14/05/2025 23:59:53,RD,15.15,
DET,,0000205133UN322,000,NZST,209097505,X,N,10,13/05/2025 23:59:54,14/05/2025 23:59:53,RD,33.96,
DET,,0000205133UN322,000,NZST,209097505,X,D,14,14/05/2025 23:59:54,15/05/2025 23:59:53,RD,18.98,
DET,,0000205133UN322,000,NZST,209097505,X,N,10,14/05/2025 23:59:54,15/05/2025 23:59:53,RD,31.91,
DET,,0000205133UN322,000,NZST,209097505,X,D,14,15/05/2025 23:59:54,16/05/2025 23:59:53,RD,19.72,
DET,,0000205133UN322,000,NZST,209097505,X,N,10,15/05/2025 23:59:54,16/05/2025 23:59:53,RD,13.73,
DET,,0000205133UN322,000,NZST,209097505,X,D,14,16/05/2025 23:59:54,17/05/2025 23:59:53,RD,12.58,
DET,,0000205133UN322,000,NZST,209097505,X,N,10,16/05/2025 23:59:54,17/05/2025 23:59:53,RD,11.02,
DET,,0000205133UN322,000,NZST,209097505,X,D,14,17/05/2025 23:59:54,18/05/2025 23:59:53,RD,18.08,
DET,,0000205133UN322,000,NZST,209097505,X,N,10,17/05/2025 23:59:54,18/05/2025 23:59:53,RD,7.69,
DET,,0000205133UN322,000,NZST,209097505,X,D,14,18/05/2025 23:59:54,19/05/2025 23:59:53,RD,17.39,
DET,,0000205133UN322,000,NZST,209097505,X,N,10,18/05/2025 23:59:54,19/05/2025 23:59:53,RD,7.64,
DET,,0000205133UN322,000,NZST,209097505,X,D,14,19/05/2025 23:59:54,20/05/2025 23:59:53,RD,20.89,
DET,,0000205133UN322,000,NZST,209097505,X,N,10,19/05/2025 23:59:54,20/05/2025 23:59:53,RD,29.38,
DET,,0000205133UN322,000,NZST,209097505,X,D,14,20/05/2025 23:59:54,21/05/2025 23:59:53,RD,12.07,
DET,,0000205133UN322,000,NZST,209097505,X,N,10,20/05/2025 23:59:54,21/05/2025 23:59:53,RD,37.4,
DET,,0000205133UN322,000,NZST,209097505,X,D,14,21/05/2025 23:59:54,22/05/2025 23:59:53,RD,15.85,
DET,,0000205133UN322,000,NZST,209097505,X,N,10,21/05/2025 23:59:54,22/05/2025 23:59:53,RD,12.35,
DET,,0000205133UN322,000,NZST,209097505,X,D,14,22/05/2025 23:59:54,23/05/2025 23:59:53,RD,18.04,
DET,,0000205133UN322,000,NZST,209097505,X,N,10,22/05/2025 23:59:54,23/05/2025 23:59:53,RD,30.72,
DET,,0000205133UN322,000,NZST,209097505,X,D,14,23/05/2025 23:59:54,24/05/2025 23:59:53,RD,16.2,
DET,,0000205133UN322,000,NZST,209097505,X,N,10,23/05/2025 23:59:54,24/05/2025 23:59:53,RD,23.96,
DET,,0000205133UN322,000,NZST,209097505,X,D,14,24/05/2025 23:59:54,25/05/2025 23:59:53,RD,17.15,
DET,,0000205133UN322,000,NZST,209097505,X,N,10,24/05/2025 23:59:54,25/05/2025 23:59:53,RD,8.77,
DET,,0000205133UN322,000,NZST,209097505,X,D,14,25/05/2025 23:59:54,26/05/2025 23:59:53,RD,14.24,
DET,,0000205133UN322,000,NZST,209097505,X,N,10,25/05/2025 23:59:54,26/05/2025 23:59:53,RD,8.05,
DET,,0000205133UN322,000,NZST,209097505,X,D,14,26/05/2025 23:59:54,27/05/2025 23:59:53,RD,17.32,
DET,,0000205133UN322,000,NZST,209097505,X,N,10,26/05/2025 23:59:54,27/05/2025 23:59:53,RD,29.14,
DET,,0000205133UN322,000,NZST,209097505,X,D,14,27/05/2025 23:59:54,28/05/2025 23:59:53,RD,19.01,
DET,,0000205133UN322,000,NZST,209097505,X,N,10,27/05/2025 23:59:54,28/05/2025 23:59:53,RD,40.47,
DET,,0000205133UN322,000,NZST,209097505,X,D,14,28/05/2025 23:59:54,29/05/2025 23:59:53,RD,13.54,
DET,,0000205133UN322,000,NZST,209097505,X,N,10,28/05/2025 23:59:54,29/05/2025 23:59:53,RD,8.92,
DET,,0000205133UN322,000,NZST,209097505,X,D,14,29/05/2025 23:59:54,30/05/2025 23:59:53,RD,16.79,
DET,,0000205133UN322,000,NZST,209097505,X,N,10,29/05/2025 23:59:54,30/05/2025 23:59:53,RD,9.46,
DET,,0000205133UN322,000,NZST,209097505,X,D,14,30/05/2025 23:59:54,31/05/2025 23:59:53,RD,12.24,
DET,,0000205133UN322,000,NZST,209097505,X,N,10,30/05/2025 23:59:54,31/05/2025 23:59:53,RD,15.29,
DET,,0000205133UN322,000,NZST,209097505,X,D,14,31/05/2025 23:59:54,01/06/2025 23:59:53,RD,21.96,
DET,,0000205133UN322,000,NZST,209097505,X,N,10,31/05/2025 23:59:54,01/06/2025 23:59:53,RD,48.48,
DET,,0000205133UN322,000,NZST,209097505,X,D,14,01/06/2025 23:59:54,02/06/2025 23:59:53,RD,17.6,
DET,,0000205133UN322,000,NZST,209097505,X,N,10,01/06/2025 23:59:54,02/06/2025 23:59:53,RD,13.07,
DET,,0000205133UN322,000,NZST,209097505,X,D,14,02/06/2025 23:59:54,03/06/2025 23:59:53,RD,19.87,
DET,,0000205133UN322,000,NZST,209097505,X,N,10,02/06/2025 23:59:54,03/06/2025 23:59:53,RD,7.86,
DET,,0000205133UN322,000,NZST,209097505,X,D,14,03/06/2025 23:59:54,04/06/2025 23:59:53,RD,15.56,
DET,,0000205133UN322,000,NZST,209097505,X,N,10,03/06/2025 23:59:54,04/06/2025 23:59:53,RD,10.79,
DET,,0000205133UN322,000,NZST,209097505,X,D,14,04/06/2025 23:59:54,05/06/2025 23:59:53,RD,17.87,
DET,,0000205133UN322,000,NZST,209097505,X,N,10,04/06/2025 23:59:54,05/06/2025 23:59:53,RD,27.85,
DET,,0000205133UN322,000,NZST,209097505,X,D,14,05/06/2025 23:59:54,06/06/2025 23:59:53,RD,20.56,
DET,,0000205133UN322,000,NZST,209097505,X,N,10,05/06/2025 23:59:54,06/06/2025 23:59:53,RD,32.86,
DET,,0000205133UN322,000,NZST,209097505,X,D,14,06/06/2025 23:59:54,07/06/2025 23:59:53,RD,24.78,
DET,,0000205133UN322,000,NZST,209097505,X,N,10,06/06/2025 23:59:54,07/06/2025 23:59:53,RD,14.11,
DET,,0000205133UN322,000,NZST,209097505,X,D,14,07/06/2025 23:59:54,08/06/2025 23:59:53,RD,22.44,
DET,,0000205133UN322,000,NZST,209097505,X,N,10,07/06/2025 23:59:54,08/06/2025 23:59:53,RD,8.75,
DET,,0000205133UN322,000,NZST,209097505,X,D,14,08/06/2025 23:59:54,09/06/2025 23:59:53,RD,19.38,
DET,,0000205133UN322,000,NZST,209097505,X,N,10,08/06/2025 23:59:54,09/06/2025 23:59:53,RD,9.45,
DET,,0000205133UN322,000,NZST,209097505,X,D,14,09/06/2025 23:59:54,10/06/2025 23:59:53,RD,22.84,
DET,,0000205133UN322,000,NZST,209097505,X,N,10,09/06/2025 23:59:54,10/06/2025 23:59:53,RD,23.52,
DET,,0000205133UN322,000,NZST,209097505,X,D,14,10/06/2025 23:59:54,11/06/2025 23:59:53,RD,17.47,
DET,,0000205133UN322,000,NZST,209097505,X,N,10,10/06/2025 23:59:54,11/06/2025 23:59:53,RD,37.84,
DET,,0000205133UN322,000,NZST,209097505,X,D,14,11/06/2025 23:59:54,12/06/2025 23:59:53,RD,19.43,
DET,,0000205133UN322,000,NZST,209097505,X,N,10,11/06/2025 23:59:54,12/06/2025 23:59:53,RD,14.43,
DET,,0000205133UN322,000,NZST,209097505,X,D,14,12/06/2025 23:59:54,13/06/2025 23:59:53,RD,15.43,
DET,,0000205133UN322,000,NZST,209097505,X,N,10,12/06/2025 23:59:54,13/06/2025 23:59:53,RD,13.6,
DET,,0000205133UN322,000,NZST,209097505,X,D,14,13/06/2025 23:59:54,14/06/2025 23:59:53,RD,23.84,
DET,,0000205133UN322,000,NZST,209097505,X,N,10,13/06/2025 23:59:54,14/06/2025 23:59:53,RD,19.55,
DET,,0000205133UN322,000,NZST,209097505,X,D,14,14/06/2025 23:59:54,15/06/2025 23:59:53,RD,20.16,
DET,,0000205133UN322,000,NZST,209097505,X,N,10,14/06/2025 23:59:54,15/06/2025 23:59:53,RD,45.79,
DET,,0000205133UN322,000,NZST,209097505,X,D,14,15/06/2025 23:59:54,16/06/2025 23:59:53,RD,25.47,
DET,,0000205133UN322,000,NZST,209097505,X,N,10,15/06/2025 23:59:54,16/06/2025 23:59:53,RD,14.7,
DET,,0000205133UN322,000,NZST,209097505,X,D,14,16/06/2025 23:59:54,17/06/2025 23:59:53,RD,17.76,
DET,,0000205133UN322,000,NZST,209097505,X,N,10,16/06/2025 23:59:54,17/06/2025 23:59:53,RD,17.85,
DET,,0000205133UN322,000,NZST,209097505,X,D,14,17/06/2025 23:59:54,18/06/2025 23:59:53,RD,21.65,
DET,,0000205133UN322,000,NZST,209097505,X,N,10,17/06/2025 23:59:54,18/06/2025 23:59:53,RD,36.8,
DET,,0000205133UN322,000,NZST,209097505,X,D,14,18/06/2025 23:59:54,19/06/2025 23:59:53,RD,18.56,
DET,,0000205133UN322,000,NZST,209097505,X,N,10,18/06/2025 23:59:54,19/06/2025 23:59:53,RD,38.02,
DET,,0000205133UN322,000,NZST,209097505,X,D,14,19/06/2025 23:59:54,20/06/2025 23:59:53,RD,23.32,
DET,,0000205133UN322,000,NZST,209097505,X,N,10,19/06/2025 23:59:54,20/06/2025 23:59:53,RD,12.88,
DET,,0000205133UN322,000,NZST,209097505,X,D,14,20/06/2025 23:59:54,21/06/2025 23:59:53,RD,22.86,
DET,,0000205133UN322,000,NZST,209097505,X,N,10,20/06/2025 23:59:54,21/06/2025 23:59:53,RD,11.31,
DET,,0000205133UN322,000,NZST,209097505,X,D,14,21/06/2025 23:59:54,22/06/2025 23:59:53,RD,20.85,
DET,,0000205133UN322,000,NZST,209097505,X,N,10,21/06/2025 23:59:54,22/06/2025 23:59:53,RD,9.09,
DET,,0000205133UN322,000,NZST,209097505,X,D,14,22/06/2025 23:59:54,23/06/2025 23:59:53,RD,26.99,
DET,,0000205133UN322,000,NZST,209097505,X,N,10,22/06/2025 23:59:54,23/06/2025 23:59:53,RD,31.23,
DET,,0000205133UN322,000,NZST,209097505,X,D,14,23/06/2025 23:59:54,24/06/2025 23:59:53,RD,25.93,
DET,,0000205133UN322,000,NZST,209097505,X,N,10,23/06/2025 23:59:54,24/06/2025 23:59:53,RD,18.92,
DET,,0000205133UN322,000,NZST,209097505,X,D,14,24/06/2025 23:59:54,25/06/2025 23:59:53,RD,5.45,
DET,,0000205133UN322,000,NZST,209097505,X,N,10,24/06/2025 23:59:54,25/06/2025 23:59:53,RD,5.68,
DET,,0000205133UN322,000,NZST,209097505,X,D,14,25/06/2025 23:59:54,26/06/2025 23:59:53,RD,5.23,
DET,,0000205133UN322,000,NZST,209097505,X,N,10,25/06/2025 23:59:54,26/06/2025 23:59:53,RD,3.84,
DET,,0000205133UN322,000,NZST,209097505,X,D,14,26/06/2025 23:59:54,27/06/2025 23:59:53,RD,4.28,
DET,,0000205133UN322,000,NZST,209097505,X,N,10,26/06/2025 23:59:54,27/06/2025 23:59:53,RD,4.41,
DET,,0000205133UN322,000,NZST,209097505,X,D,14,27/06/2025 23:59:54,28/06/2025 23:59:53,RD,5.09,
DET,,0000205133UN322,000,NZST,209097505,X,N,10,27/06/2025 23:59:54,28/06/2025 23:59:53,RD,4.09,
DET,,0000205133UN322,000,NZST,209097505,X,D,14,28/06/2025 23:59:54,29/06/2025 23:59:53,RD,5.63,
DET,,0000205133UN322,000,NZST,209097505,X,N,10,28/06/2025 23:59:54,29/06/2025 23:59:53,RD,3.44,
DET,,0000205133UN322,000,NZST,209097505,X,D,14,29/06/2025 23:59:54,30/06/2025 23:59:53,RD,5.72,
DET,,0000205133UN322,000,NZST,209097505,X,N,10,29/06/2025 23:59:54,30/06/2025 23:59:53,RD,3.45,
DET,,0000205133UN322,000,NZST,209097505,X,D,14,30/06/2025 23:59:54,01/07/2025 23:59:53,RD,5.62,
DET,,0000205133UN322,000,NZST,209097505,X,N,10,30/06/2025 23:59:54,01/07/2025 23:59:53,RD,3.84,
DET,,0000205133UN322,000,NZST,209097505,X,D,14,01/07/2025 23:59:54,02/07/2025 23:59:53,RD,5.87,
DET,,0000205133UN322,000,NZST,209097505,X,N,10,01/07/2025 23:59:54,02/07/2025 23:59:53,RD,3.84,
DET,,0000205133UN322,000,NZST,209097505,X,D,14,02/07/2025 23:59:54,03/07/2025 23:59:53,RD,5.53,
DET,,0000205133UN322,000,NZST,209097505,X,N,10,02/07/2025 23:59:54,03/07/2025 23:59:53,RD,4.26,
DET,,0000205133UN322,000,NZST,209097505,X,D,14,03/07/2025 23:59:54,04/07/2025 23:59:53,RD,6.26,
DET,,0000205133UN322,000,NZST,209097505,X,N,10,03/07/2025 23:59:54,04/07/2025 23:59:53,RD,3.5,
DET,,0000205133UN322,000,NZST,209097505,X,D,14,04/07/2025 23:59:54,05/07/2025 23:59:53,RD,5.59,
DET,,0000205133UN322,000,NZST,209097505,X,N,10,04/07/2025 23:59:54,05/07/2025 23:59:53,RD,3.61,
DET,,0000205133UN322,000,NZST,209097505,X,D,14,05/07/2025 23:59:54,06/07/2025 23:59:53,RD,4.91,
DET,,0000205133UN322,000,NZST,209097505,X,N,10,05/07/2025 23:59:54,06/07/2025 23:59:53,RD,6.27,
DET,,0000205133UN322,000,NZST,209097505,X,D,14,06/07/2025 23:59:54,07/07/2025 23:59:53,RD,33.32,
DET,,0000205133UN322,000,NZST,209097505,X,N,10,06/07/2025 23:59:54,07/07/2025 23:59:53,RD,58.47,
DET,,0000205133UN322,000,NZST,209097505,X,D,14,07/07/2025 23:59:54,08/07/2025 23:59:53,RD,15.38,
DET,,0000205133UN322,000,NZST,209097505,X,N,10,07/07/2025 23:59:54,08/07/2025 23:59:53,RD,12.55,
DET,,0000205133UN322,000,NZST,209097505,X,D,14,08/07/2025 23:59:54,09/07/2025 23:59:53,RD,27.09,
DET,,0000205133UN322,000,NZST,209097505,X,N,10,08/07/2025 23:59:54,09/07/2025 23:59:53,RD,30.17,
DET,,0000205133UN322,000,NZST,209097505,X,D,14,09/07/2025 23:59:54,10/07/2025 23:59:53,RD,25.68,
DET,,0000205133UN322,000,NZST,209097505,X,N,10,09/07/2025 23:59:54,10/07/2025 23:59:53,RD,34.28,
DET,,0000205133UN322,000,NZST,209097505,X,D,14,10/07/2025 23:59:54,11/07/2025 23:59:53,RD,27.59,
DET,,0000205133UN322,000,NZST,209097505,X,N,10,10/07/2025 23:59:54,11/07/2025 23:59:53,RD,12.93,
DET,,0000205133UN322,000,NZST,209097505,X,D,14,11/07/2025 23:59:54,12/07/2025 23:59:53,RD,22.43,
DET,,0000205133UN322,000,NZST,209097505,X,N,10,11/07/2025 23:59:54,12/07/2025 23:59:53,RD,10.06,
DET,,0000205133UN322,000,NZST,209097505,X,D,14,12/07/2025 23:59:54,13/07/2025 23:59:53,RD,27.87,
DET,,0000205133UN322,000,NZST,209097505,X,N,10,12/07/2025 23:59:54,13/07/2025 23:59:53,RD,12.27,
DET,,0000205133UN322,000,NZST,209097505,X,D,14,13/07/2025 23:59:54,14/07/2025 23:59:53,RD,20.17,
DET,,0000205133UN322,000,NZST,209097505,X,N,10,13/07/2025 23:59:54,14/07/2025 23:59:53,RD,12.78,
DET,,0000205133UN322,000,NZST,209097505,X,D,14,14/07/2025 23:59:54,15/07/2025 23:59:53,RD,23.43,
DET,,0000205133UN322,000,NZST,209097505,X,N,10,14/07/2025 23:59:54,15/07/2025 23:59:53,RD,11.58,
DET,,0000205133UN322,000,NZST,209097505,X,D,14,15/07/2025 23:59:54,16/07/2025 23:59:53,RD,24.07,
DET,,0000205133UN322,000,NZST,209097505,X,N,10,15/07/2025 23:59:54,16/07/2025 23:59:53,RD,33.32,
DET,,0000205133UN322,000,NZST,209097505,X,D,14,16/07/2025 23:59:54,17/07/2025 23:59:53,RD,20.74,
DET,,0000205133UN322,000,NZST,209097505,X,N,10,16/07/2025 23:59:54,17/07/2025 23:59:53,RD,33.41,
DET,,0000205133UN322,000,NZST,209097505,X,D,14,17/07/2025 23:59:54,18/07/2025 23:59:53,RD,22.51,
DET,,0000205133UN322,000,NZST,209097505,X,N,10,17/07/2025 23:59:54,18/07/2025 23:59:53,RD,10.69,
DET,,0000205133UN322,000,NZST,209097505,X,D,14,18/07/2025 23:59:54,19/07/2025 23:59:53,RD,29.06,
DET,,0000205133UN322,000,NZST,209097505,X,N,10,18/07/2025 23:59:54,19/07/2025 23:59:53,RD,9.12,
DET,,0000205133UN322,000,NZST,209097505,X,D,14,19/07/2025 23:59:54,20/07/2025 23:59:53,RD,17.93,
DET,,0000205133UN322,000,NZST,209097505,X,N,10,19/07/2025 23:59:54,20/07/2025 23:59:53,RD,9.86,
DET,,0000205133UN322,000,NZST,209097505,X,D,14,20/07/2025 23:59:54,21/07/2025 23:59:53,RD,23.55,
DET,,0000205133UN322,000,NZST,209097505,X,N,10,20/07/2025 23:59:54,21/07/2025 23:59:53,RD,36.53,
DET,,0000205133UN322,000,NZST,209097505,X,D,14,21/07/2025 23:59:54,22/07/2025 23:59:53,RD,25.81,
DET,,0000205133UN322,000,NZST,209097505,X,N,10,21/07/2025 23:59:54,22/07/2025 23:59:53,RD,33.71,
DET,,0000205133UN322,000,NZST,209097505,X,D,14,22/07/2025 23:59:54,23/07/2025 23:59:53,RD,18.62,
DET,,0000205133UN322,000,NZST,209097505,X,N,10,22/07/2025 23:59:54,23/07/2025 23:59:53,RD,11.04,
DET,,0000205133UN322,000,NZST,209097505,X,D,14,23/07/2025 23:59:54,24/07/2025 23:59:53,RD,24.24,
DET,,0000205133UN322,000,NZST,209097505,X,N,10,23/07/2025 23:59:54,24/07/2025 23:59:53,RD,16.86,
DET,,0000205133UN322,000,NZST,209097505,X,D,14,24/07/2025 23:59:54,25/07/2025 23:59:53,RD,28.24,
DET,,0000205133UN322,000,NZST,209097505,X,N,10,24/07/2025 23:59:54,25/07/2025 23:59:53,RD,10.89,
DET,,0000205133UN322,000,NZST,209097505,X,D,14,25/07/2025 23:59:54,26/07/2025 23:59:53,RD,16.3,
DET,,0000205133UN322,000,NZST,209097505,X,N,10,25/07/2025 23:59:54,26/07/2025 23:59:53,RD,11.93,
DET,,0000205133UN322,000,NZST,209097505,X,D,14,26/07/2025 23:59:54,27/07/2025 23:59:53,RD,21.07,
DET,,0000205133UN322,000,NZST,209097505,X,N,10,26/07/2025 23:59:54,27/07/2025 23:59:53,RD,13.83,
DET,,0000205133UN322,000,NZST,209097505,X,D,14,27/07/2025 23:59:54,28/07/2025 23:59:53,RD,20.34,
DET,,0000205133UN322,000,NZST,209097505,X,N,10,27/07/2025 23:59:54,28/07/2025 23:59:53,RD,14.89,
DET,,0000205133UN322,000,NZST,209097505,X,D,14,28/07/2025 23:59:54,29/07/2025 23:59:53,RD,22.69,
DET,,0000205133UN322,000,NZST,209097505,X,N,10,28/07/2025 23:59:54,29/07/2025 23:59:53,RD,41.09,
DET,,0000205133UN322,000,NZST,209097505,X,D,14,29/07/2025 23:59:54,30/07/2025 23:59:53,RD,18.84,
DET,,0000205133UN322,000,NZST,209097505,X,N,10,29/07/2025 23:59:54,30/07/2025 23:59:53,RD,45.33,
DET,,0000205133UN322,000,NZST,209097505,X,D,14,30/07/2025 23:59:54,31/07/2025 23:59:53,RD,19.19,
DET,,0000205133UN322,000,NZST,209097505,X,N,10,30/07/2025 23:59:54,31/07/2025 23:59:53,RD,18.17,
DET,,0000205133UN322,000,NZST,209097505,X,D,14,31/07/2025 23:59:54,01/08/2025 23:59:53,RD,20.09,
DET,,0000205133UN322,000,NZST,209097505,X,N,10,31/07/2025 23:59:54,01/08/2025 23:59:53,RD,17.63,
DET,,0000205133UN322,000,NZST,209097505,X,D,14,01/08/2025 23:59:54,02/08/2025 23:59:53,RD,20.47,
DET,,0000205133UN322,000,NZST,209097505,X,N,10,01/08/2025 23:59:54,02/08/2025 23:59:53,RD,13.94,
DET,,0000205133UN322,000,NZST,209097505,X,D,14,02/08/2025 23:59:54,03/08/2025 23:59:53,RD,22.25,
DET,,0000205133UN322,000,NZST,209097505,X,N,10,02/08/2025 23:59:54,03/08/2025 23:59:53,RD,9.04,
DET,,0000205133UN322,000,NZST,209097505,X,D,14,03/08/2025 23:59:54,04/08/2025 23:59:53,RD,28.1,
DET,,0000205133UN322,000,NZST,209097505,X,N,10,03/08/2025 23:59:54,04/08/2025 23:59:53,RD,11.92,
DET,,0000205133UN322,000,NZST,209097505,X,D,14,04/08/2025 23:59:54,05/08/2025 23:59:53,RD,28.66,
DET,,0000205133UN322,000,NZST,209097505,X,N,10,04/08/2025 23:59:54,05/08/2025 23:59:53,RD,11.89,
DET,,0000205133UN322,000,NZST,209097505,X,D,14,05/08/2025 23:59:54,06/08/2025 23:59:53,RD,20.16,
DET,,0000205133UN322,000,NZST,209097505,X,N,10,05/08/2025 23:59:54,06/08/2025 23:59:53,RD,14.4,
DET,,0000205133UN322,000,NZST,209097505,X,D,14,06/08/2025 23:59:54,07/08/2025 23:59:53,RD,25.23,
DET,,0000205133UN322,000,NZST,209097505,X,N,10,06/08/2025 23:59:54,07/08/2025 23:59:53,RD,39.25,
DET,,0000205133UN322,000,NZST,209097505,X,D,14,07/08/2025 23:59:54,08/08/2025 23:59:53,RD,18.81,
DET,,0000205133UN322,000,NZST,209097505,X,N,10,07/08/2025 23:59:54,08/08/2025 23:59:53,RD,34.94,
DET,,0000205133UN322,000,NZST,209097505,X,D,14,08/08/2025 23:59:54,09/08/2025 23:59:53,RD,25.34,
DET,,0000205133UN322,000,NZST,209097505,X,N,10,08/08/2025 23:59:54,09/08/2025 23:59:53,RD,8.18,
DET,,0000205133UN322,000,NZST,209097505,X,D,14,09/08/2025 23:59:54,10/08/2025 23:59:53,RD,22.36,
DET,,0000205133UN322,000,NZST,209097505,X,N,10,09/08/2025 23:59:54,10/08/2025 23:59:53,RD,7.33,
DET,,0000205133UN322,000,NZST,209097505,X,D,14,10/08/2025 23:59:54,11/08/2025 23:59:53,RD,25.32,
DET,,0000205133UN322,000,NZST,209097505,X,N,10,10/08/2025 23:59:54,11/08/2025 23:59:53,RD,12.2,
DET,,0000205133UN322,000,NZST,209097505,X,D,14,11/08/2025 23:59:54,12/08/2025 23:59:53,RD,21.17,
DET,,0000205133UN322,000,NZST,209097505,X,N,10,11/08/2025 23:59:54,12/08/2025 23:59:53,RD,13.68,
DET,,0000205133UN322,000,NZST,209097505,X,D,14,12/08/2025 23:59:54,13/08/2025 23:59:53,RD,21.58,
DET,,0000205133UN322,000,NZST,209097505,X,N,10,12/08/2025 23:59:54,13/08/2025 23:59:53,RD,16.57,
DET,,0000205133UN322,000,NZST,209097505,X,D,14,13/08/2025 23:59:54,14/08/2025 23:59:53,RD,21.33,
DET,,0000205133UN322,000,NZST,209097505,X,N,10,13/08/2025 23:59:54,14/08/2025 23:59:53,RD,19.22,
DET,,0000205133UN322,000,NZST,209097505,X,D,14,14/08/2025 23:59:54,15/08/2025 23:59:53,RD,17.57,
DET,,0000205133UN322,000,NZST,209097505,X,N,10,14/08/2025 23:59:54,15/08/2025 23:59:53,RD,41.38,
DET,,0000205133UN322,000,NZST,209097505,X,D,14,15/08/2025 23:59:54,16/08/2025 23:59:53,RD,23.69,
DET,,0000205133UN322,000,NZST,209097505,X,N,10,15/08/2025 23:59:54,16/08/2025 23:59:53,RD,41.84,
DET,,0000205133UN322,000,NZST,209097505,X,D,14,16/08/2025 23:59:54,17/08/2025 23:59:53,RD,30.24,
DET,,0000205133UN322,000,NZST,209097505,X,N,10,16/08/2025 23:59:54,17/08/2025 23:59:53,RD,9.57,
DET,,0000205133UN322,000,NZST,209097505,X,D,14,17/08/2025 23:59:54,18/08/2025 23:59:53,RD,20.06,
DET,,0000205133UN322,000,NZST,209097505,X,N,10,17/08/2025 23:59:54,18/08/2025 23:59:53,RD,12.9,
DET,,0000205133UN322,000,NZST,209097505,X,D,14,18/08/2025 23:59:54,19/08/2025 23:59:53,RD,26.52,
DET,,0000205133UN322,000,NZST,209097505,X,N,10,18/08/2025 23:59:54,19/08/2025 23:59:53,RD,28.24,
DET,,0000205133UN322,000,NZST,209097505,X,D,14,19/08/2025 23:59:54,20/08/2025 23:59:53,RD,24.31,
DET,,0000205133UN322,000,NZST,209097505,X,N,10,19/08/2025 23:59:54,20/08/2025 23:59:53,RD,45.94,
DET,,0000205133UN322,000,NZST,209097505,X,D,14,20/08/2025 23:59:54,21/08/2025 23:59:53,RD,26.6,
DET,,0000205133UN322,000,NZST,209097505,X,N,10,20/08/2025 23:59:54,21/08/2025 23:59:53,RD,18.51,
DET,,0000205133UN322,000,NZST,209097505,X,D,14,21/08/2025 23:59:54,22/08/2025 23:59:53,RD,26.15,
DET,,0000205133UN322,000,NZST,209097505,X,N,10,21/08/2025 23:59:54,22/08/2025 23:59:53,RD,16.22,
DET,,0000205133UN322,000,NZST,209097505,X,D,14,22/08/2025 23:59:54,23/08/2025 23:59:53,RD,20.18,
DET,,0000205133UN322,000,NZST,209097505,X,N,10,22/08/2025 23:59:54,23/08/2025 23:59:53,RD,38.66,
DET,,0000205133UN322,000,NZST,209097505,X,D,14,23/08/2025 23:59:54,24/08/2025 23:59:53,RD,24.53,
DET,,0000205133UN322,000,NZST,209097505,X,N,10,23/08/2025 23:59:54,24/08/2025 23:59:53,RD,42.04,
DET,,0000205133UN322,000,NZST,209097505,X,D,14,24/08/2025 23:59:54,25/08/2025 23:59:53,RD,17.57,
DET,,0000205133UN322,000,NZST,209097505,X,N,10,24/08/2025 23:59:54,25/08/2025 23:59:53,RD,13.18,
DET,,0000205133UN322,000,NZST,209097505,X,D,14,25/08/2025 23:59:54,26/08/2025 23:59:53,RD,12.02,
DET,,0000205133UN322,000,NZST,209097505,X,N,10,25/08/2025 23:59:54,26/08/2025 23:59:53,RD,10.12,
DET,,0000205133UN322,000,NZST,209097505,X,D,14,26/08/2025 23:59:54,27/08/2025 23:59:53,RD,21.39,
DET,,0000205133UN322,000,NZST,209097505,X,N,10,26/08/2025 23:59:54,27/08/2025 23:59:53,RD,6.91,
DET,,0000205133UN322,000,NZST,209097505,X,D,14,27/08/2025 23:59:54,28/08/2025 23:59:53,RD,15.73,
DET,,0000205133UN322,000,NZST,209097505,X,N,10,27/08/2025 23:59:54,28/08/2025 23:59:53,RD,13.01,
DET,,0000205133UN322,000,NZST,209097505,X,D,14,28/08/2025 23:59:54,29/08/2025 23:59:53,RD,23.11,
DET,,0000205133UN322,000,NZST,209097505,X,N,10,28/08/2025 23:59:54,29/08/2025 23:59:53,RD,12.55,
DET,,0000205133UN322,000,NZST,209097505,X,D,14,29/08/2025 23:59:54,30/08/2025 23:59:53,RD,23.04,
DET,,0000205133UN322,000,NZST,209097505,X,N,10,29/08/2025 23:59:54,30/08/2025 23:59:53,RD,12.31,
DET,,0000205133UN322,000,NZST,209097505,X,D,14,30/08/2025 23:59:54,31/08/2025 23:59:53,RD,27.51,
DET,,0000205133UN322,000,NZST,209097505,X,N,10,30/08/2025 23:59:54,31/08/2025 23:59:53,RD,14.31,
DET,,0000205133UN322,000,NZST,209097505,X,D,14,31/08/2025 23:59:54,01/09/2025 23:59:53,RD,23.82,
DET,,0000205133UN322,000,NZST,209097505,X,N,10,31/08/2025 23:59:54,01/09/2025 23:59:53,RD,19.73,
DET,,0000205133UN322,000,NZST,209097505,X,D,14,01/09/2025 23:59:54,02/09/2025 23:59:53,RD,20.63,
DET,,0000205133UN322,000,NZST,209097505,X,N,10,01/09/2025 23:59:54,02/09/2025 23:59:53,RD,21.83,
DET,,0000205133UN322,000,NZST,209097505,X,D,14,02/09/2025 23:59:54,03/09/2025 23:59:53,RD,19.92,
DET,,0000205133UN322,000,NZST,209097505,X,N,10,02/09/2025 23:59:54,03/09/2025 23:59:53,RD,33.65,
DET,,0000205133UN322,000,NZST,209097505,X,D,14,03/09/2025 23:59:54,04/09/2025 23:59:53,RD,19.62,
DET,,0000205133UN322,000,NZST,209097505,X,N,10,03/09/2025 23:59:54,04/09/2025 23:59:53,RD,44.74,
DET,,0000205133UN322,000,NZST,209097505,X,D,14,04/09/2025 23:59:54,05/09/2025 23:59:53,RD,20.69,
DET,,0000205133UN322,000,NZST,209097505,X,N,10,04/09/2025 23:59:54,05/09/2025 23:59:53,RD,12.1,
DET,,0000205133UN322,000,NZST,209097505,X,D,14,05/09/2025 23:59:54,06/09/2025 23:59:53,RD,20.65,
DET,,0000205133UN322,000,NZST,209097505,X,N,10,05/09/2025 23:59:54,06/09/2025 23:59:53,RD,12.68,
DET,,0000205133UN322,000,NZST,209097505,X,D,14,06/09/2025 23:59:54,07/09/2025 23:59:53,RD,21.61,
DET,,0000205133UN322,000,NZST,209097505,X,N,10,06/09/2025 23:59:54,07/09/2025 23:59:53,RD,24.76,
DET,,0000205133UN322,000,NZST,209097505,X,D,14,07/09/2025 23:59:54,08/09/2025 23:59:53,RD,21.78,
DET,,0000205133UN322,000,NZST,209097505,X,N,10,07/09/2025 23:59:54,08/09/2025 23:59:53,RD,34.41,
DET,,0000205133UN322,000,NZST,209097505,X,D,14,08/09/2025 23:59:54,09/09/2025 23:59:53,RD,15.65,
DET,,0000205133UN322,000,NZST,209097505,X,N,10,08/09/2025 23:59:54,09/09/2025 23:59:53,RD,17.62,
DET,,0000205133UN322,000,NZST,209097505,X,D,14,09/09/2025 23:59:54,10/09/2025 23:59:53,RD,15.65,
DET,,0000205133UN322,000,NZST,209097505,X,N,10,09/09/2025 23:59:54,10/09/2025 23:59:53,RD,15.23,
DET,,0000205133UN322,000,NZST,209097505,X,D,14,10/09/2025 23:59:54,11/09/2025 23:59:53,RD,19.14,
DET,,0000205133UN322,000,NZST,209097505,X,N,10,10/09/2025 23:59:54,11/09/2025 23:59:53,RD,35.69,
DET,,0000205133UN322,000,NZST,209097505,X,D,14,11/09/2025 23:59:54,12/09/2025 23:59:53,RD,18.41,
DET,,0000205133UN322,000,NZST,209097505,X,N,10,11/09/2025 23:59:54,12/09/2025 23:59:53,RD,41.93,
DET,,0000205133UN322,000,NZST,209097505,X,D,14,12/09/2025 23:59:54,13/09/2025 23:59:53,RD,11.82,
DET,,0000205133UN322,000,NZST,209097505,X,N,10,12/09/2025 23:59:54,13/09/2025 23:59:53,RD,11.02,
DET,,0000205133UN322,000,NZST,209097505,X,D,14,13/09/2025 23:59:54,14/09/2025 23:59:53,RD,17.0,
DET,,0000205133UN322,000,NZST,209097505,X,N,10,13/09/2025 23:59:54,14/09/2025 23:59:53,RD,16.57,
DET,,0000205133UN322,000,NZST,209097505,X,D,14,14/09/2025 23:59:54,15/09/2025 23:59:53,RD,20.64,
DET,,0000205133UN322,000,NZST,209097505,X,N,10,14/09/2025 23:59:54,15/09/2025 23:59:53,RD,13.05,
DET,,0000205133UN322,000,NZST,209097505,X,D,14,15/09/2025 23:59:54,16/09/2025 23:59:53,RD,17.79,
DET,,0000205133UN322,000,NZST,209097505,X,N,10,15/09/2025 23:59:54,16/09/2025 23:59:53,RD,33.26,
DET,,0000205133UN322,000,NZST,209097505,X,D,14,16/09/2025 23:59:54,17/09/2025 23:59:53,RD,17.56,
DET,,0000205133UN322,000,NZST,209097505,X,N,10,16/09/2025 23:59:54,17/09/2025 23:59:53,RD,33.64,
DET,,0000205133UN322,000,NZST,209097505,X,D,14,17/09/2025 23:59:54,18/09/2025 23:59:53,RD,12.06,
DET,,0000205133UN322,000,NZST,209097505,X,N,10,17/09/2025 23:59:54,18/09/2025 23:59:53,RD,10.48,
DET,,0000205133UN322,000,NZST,209097505,X,D,14,18/09/2025 23:59:54,19/09/2025 23:59:53,RD,17.37,
DET,,0000205133UN322,000,NZST,209097505,X,N,10,18/09/2025 23:59:54,19/09/2025 23:59:53,RD,10.16,
DET,,0000205133UN322,000,NZST,209097505,X,D,14,19/09/2025 23:59:54,20/09/2025 23:59:53,RD,14.32,
DET,,0000205133UN322,000,NZST,209097505,X,N,10,19/09/2025 23:59:54,20/09/2025 23:59:53,RD,15.11,
DET,,0000205133UN322,000,NZST,209097505,X,D,14,20/09/2025 23:59:54,21/09/2025 23:59:53,RD,17.65,
DET,,0000205133UN322,000,NZST,209097505,X,N,10,20/09/2025 23:59:54,21/09/2025 23:59:53,RD,11.33,
DET,,0000205133UN322,000,NZST,209097505,X,D,14,21/09/2025 23:59:54,22/09/2025 23:59:53,RD,22.95,
DET,,0000205133UN322,000,NZST,209097505,X,N,10,21/09/2025 23:59:54,22/09/2025 23:59:53,RD,14.18,
DET,,0000205133UN322,000,NZST,209097505,X,D,14,22/09/2025 23:59:54,23/09/2025 23:59:53,RD,19.4,
DET,,0000205133UN322,000,NZST,209097505,X,N,10,22/09/2025 23:59:54,23/09/2025 23:59:53,RD,20.84,
DET,,0000205133UN322,000,NZST,209097505,X,D,14,23/09/2025 23:59:54,24/09/2025 23:59:53,RD,15.37,
DET,,0000205133UN322,000,NZST,209097505,X,N,10,23/09/2025 23:59:54,24/09/2025 23:59:53,RD,9.53,
DET,,0000205133UN322,000,NZST,209097505,X,D,14,24/09/2025 23:59:54,25/09/2025 23:59:53,RD,19.92,
DET,,0000205133UN322,000,NZST,209097505,X,N,10,24/09/2025 23:59:54,25/09/2025 23:59:53,RD,13.18,
DET,,0000205133UN322,000,NZST,209097505,X,D,14,25/09/2025 23:59:54,26/09/2025 23:59:53,RD,21.02,
DET,,0000205133UN322,000,NZST,209097505,X,N,10,25/09/2025 23:59:54,26/09/2025 23:59:53,RD,11.41,
DET,,0000205133UN322,000,NZST,209097505,X,D,14,26/09/2025 23:59:54,27/09/2025 23:59:53,RD,15.93,
DET,,0000205133UN322,000,NZST,209097505,X,N,10,26/09/2025 23:59:54,27/09/2025 23:59:53,RD,10.44,
DET,,0000205133UN322,000,,209097505,X,D,14,27/09/2025 23:59:54,28/09/2025 23:59:53,RD,21.9,
DET,,0000205133UN322,000,,209097505,X,N,10,27/09/2025 23:59:54,28/09/2025 23:59:53,RD,9.44,
DET,,0000205133UN322,000,,209097505,X,D,14,28/09/2025 23:59:54,29/09/2025 23:59:53,RD,22.51,
DET,,0000205133UN322,000,,209097505,X,N,10,28/09/2025 23:59:54,29/09/2025 23:59:53,RD,12.38,
DET,,0000205133UN322,000,,209097505,X,D,14,29/09/2025 23:59:54,30/09/2025 23:59:53,RD,18.4,
DET,,0000205133UN322,000,,209097505,X,N,10,29/09/2025 23:59:54,30/09/2025 23:59:53,RD,29.62,
DET,,0000205133UN322,000,,209097505,X,D,14,30/09/2025 23:59:54,01/10/2025 23:59:53,RD,19.7,
DET,,0000205133UN322,000,,209097505,X,N,10,30/09/2025 23:59:54,01/10/2025 23:59:53,RD,46.43,
DET,,0000205133UN322,000,,209097505,X,D,14,01/10/2025 23:59:54,02/10/2025 23:59:53,RD,24.85,
DET,,0000205133UN322,000,,209097505,X,N,10,01/10/2025 23:59:54,02/10/2025 23:59:53,RD,14.7,
DET,,0000205133UN322,000,,209097505,X,D,14,02/10/2025 23:59:54,03/10/2025 23:59:53,RD,11.37,
DET,,0000205133UN322,000,,209097505,X,N,10,02/10/2025 23:59:54,03/10/2025 23:59:53,RD,14.15,
DET,,0000205133UN322,000,,209097505,X,D,14,03/10/2025 23:59:54,04/10/2025 23:59:53,RD,16.85,
DET,,0000205133UN322,000,,209097505,X,N,10,03/10/2025 23:59:54,04/10/2025 23:59:53,RD,22.45,
DET,,0000205133UN322,000,,209097505,X,D,14,04/10/2025 23:59:54,05/10/2025 23:59:53,RD,18.58,
DET,,0000205133UN322,000,,209097505,X,N,10,04/10/2025 23:59:54,05/10/2025 23:59:53,RD,14.24,
DET,,0000205133UN322,000,,209097505,X,D,14,05/10/2025 23:59:54,06/10/2025 23:59:53,RD,20.39,
DET,,0000205133UN322,000,,209097505,X,N,10,05/10/2025 23:59:54,06/10/2025 23:59:53,RD,17.85,
DET,,0000205133UN322,000,,209097505,X,D,14,06/10/2025 23:59:54,07/10/2025 23:59:53,RD,14.51,
DET,,0000205133UN322,000,,209097505,X,N,10,06/10/2025 23:59:54,07/10/2025 23:59:53,RD,16.74,
DET,,0000205133UN322,000,,209097505,X,D,14,07/10/2025 23:59:54,08/10/2025 23:59:53,RD,18.23,
DET,,0000205133UN322,000,,209097505,X,N,10,07/10/2025 23:59:54,08/10/2025 23:59:53,RD,15.28,
DET,,0000205133UN322,000,,209097505,X,D,14,08/10/2025 23:59:54,09/10/2025 23:59:53,RD,19.93,
DET,,0000205133UN322,000,,209097505,X,N,10,08/10/2025 23:59:54,09/10/2025 23:59:53,RD,23.44,
DET,,0000205133UN322,000,,209097505,X,D,14,09/10/2025 23:59:54,10/10/2025 23:59:53,RD,22.27,
DET,,0000205133UN322,000,,209097505,X,N,10,09/10/2025 23:59:54,10/10/2025 23:59:53,RD,17.58,
DET,,0000205133UN322,000,,209097505,X,D,14,10/10/2025 23:59:54,11/10/2025 23:59:53,RD,18.25,
DET,,0000205133UN322,000,,209097505,X,N,10,10/10/2025 23:59:54,11/10/2025 23:59:53,RD,11.6,
DET,,0000205133UN322,000,,209097505,X,D,14,11/10/2025 23:59:54,12/10/2025 23:59:53,RD,33.87,
DET,,0000205133UN322,000,,209097505,X,N,10,11/10/2025 23:59:54,12/10/2025 23:59:53,RD,14.34,
DET,,0000205133UN322,000,,209097505,X,D,14,12/10/2025 23:59:54,13/10/2025 23:59:53,RD,19.59,
DET,,0000205133UN322,000,,209097505,X,N,10,12/10/2025 23:59:54,13/10/2025 23:59:53,RD,16.65,
DET,,0000205133UN322,000,,209097505,X,D,14,13/10/2025 23:59:54,14/10/2025 23:59:53,RD,19.93,
DET,,0000205133UN322,000,,209097505,X,N,10,13/10/2025 23:59:54,14/10/2025 23:59:53,RD,36.78,
DET,,0000205133UN322,000,,209097505,X,D,14,14/10/2025 23:59:54,15/10/2025 23:59:53,RD,22.4,
DET,,0000205133UN322,000,,209097505,X,N,10,14/10/2025 23:59:54,15/10/2025 23:59:53,RD,51.12,
DET,,0000205133UN322,000,,209097505,X,D,14,15/10/2025 23:59:54,16/10/2025 23:59:53,RD,25.66,
DET,,0000205133UN322,000,,209097505,X,N,10,15/10/2025 23:59:54,16/10/2025 23:59:53,RD,15.45,
DET,,0000205133UN322,000,,209097505,X,D,14,16/10/2025 23:59:54,17/10/2025 23:59:53,RD,12.31,
DET,,0000205133UN322,000,,209097505,X,N,10,16/10/2025 23:59:54,17/10/2025 23:59:53,RD,15.32,
DET,,0000205133UN322,000,,209097505,X,D,14,17/10/2025 23:59:54,18/10/2025 23:59:53,RD,12.78,
DET,,0000205133UN322,000,,209097505,X,N,10,17/10/2025 23:59:54,18/10/2025 23:59:53,RD,39.66,
DET,,0000205133UN322,000,,209097505,X,D,14,18/10/2025 23:59:54,19/10/2025 23:59:53,RD,11.34,
DET,,0000205133UN322,000,,209097505,X,N,10,18/10/2025 23:59:54,19/10/2025 23:59:53,RD,35.32,
DET,,0000205133UN322,000,,209097505,X,D,14,19/10/2025 23:59:54,20/10/2025 23:59:53,RD,15.39,
DET,,0000205133UN322,000,,209097505,X,N,10,19/10/2025 23:59:54,20/10/2025 23:59:53,RD,28.44,
DET,,0000205133UN322,000,,209097505,X,D,14,20/10/2025 23:59:54,21/10/2025 23:59:53,RD,12.99,
DET,,0000205133UN322,000,,209097505,X,N,10,20/10/2025 23:59:54,21/10/2025 23:59:53,RD,48.94,
DET,,0000205133UN322,000,,209097505,X,D,14,21/10/2025 23:59:54,22/10/2025 23:59:53,RD,13.82,
DET,,0000205133UN322,000,,209097505,X,N,10,21/10/2025 23:59:54,22/10/2025 23:59:53,RD,15.69,
DET,,0000205133UN322,000,,209097505,X,D,14,22/10/2025 23:59:54,23/10/2025 23:59:53,RD,19.11,
DET,,0000205133UN322,000,,209097505,X,N,10,22/10/2025 23:59:54,23/10/2025 23:59:53,RD,17.52,
DET,,0000205133UN322,000,,209097505,X,D,14,23/10/2025 23:59:54,24/10/2025 23:59:53,RD,13.64,
DET,,0000205133UN322,000,,209097505,X,N,10,23/10/2025 23:59:54,24/10/2025 23:59:53,RD,14.43,
DET,,0000205133UN322,000,,209097505,X,D,14,24/10/2025 23:59:54,25/10/2025 23:59:53,RD,16.65,
DET,,0000205133UN322,000,,209097505,X,N,10,24/10/2025 23:59:54,25/10/2025 23:59:53,RD,10.35,
DET,,0000205133UN322,000,,209097505,X,D,14,25/10/2025 23:59:54,26/10/2025 23:59:53,RD,16.46,
DET,,0000205133UN322,000,,209097505,X,N,10,25/10/2025 23:59:54,26/10/2025 23:59:53,RD,36.71,
DET,,0000205133UN322,000,,209097505,X,D,14,26/10/2025 23:59:54,27/10/2025 23:59:53,RD,18.41,
DET,,0000205133UN322,000,,209097505,X,N,10,26/10/2025 23:59:54,27/10/2025 23:59:53,RD,34.15,
DET,,0000205133UN322,000,,209097505,X,D,14,27/10/2025 23:59:54,28/10/2025 23:59:53,RD,19.72,
DET,,0000205133UN322,000,,209097505,X,N,10,27/10/2025 23:59:54,28/10/2025 23:59:53,RD,14.39,
DET,,0000205133UN322,000,,209097505,X,D,14,28/10/2025 23:59:54,29/10/2025 23:59:53,RD,16.9,
DET,,0000205133UN322,000,,209097505,X,N,10,28/10/2025 23:59:54,29/10/2025 23:59:53,RD,15.49,
DET,,0000205133UN322,000,,209097505,X,D,14,29/10/2025 23:59:54,30/10/2025 23:59:53,RD,16.57,
DET,,0000205133UN322,000,,209097505,X,N,10,29/10/2025 23:59:54,30/10/2025 23:59:53,RD,10.19,
DET,,0000205133UN322,000,,209097505,X,D,14,30/10/2025 23:59:54,31/10/2025 23:59:53,RD,12.93,
DET,,0000205133UN322,000,,209097505,X,N,10,30/10/2025 23:59:54,31/10/2025 23:59:53,RD,12.77,
DET,,0000205133UN322,000,,209097505,X,D,14,31/10/2025 23:59:54,01/11/2025 23:59:53,RD,11.68,
DET,,0000205133UN322,000,,209097505,X,N,10,31/10/2025 23:59:54,01/11/2025 23:59:53,RD,19.44,
DET,,0000205133UN322,000,,209097505,X,D,14,01/11/2025 23:59:54,02/11/2025 23:59:53,RD,17.92,
DET,,0000205133UN322,000,,209097505,X,N,10,01/11/2025 23:59:54,02/11/2025 23:59:53,RD,47.33,
DET,,0000205133UN322,000,,209097505,X,D,14,02/11/2025 23:59:54,03/11/2025 23:59:53,RD,11.09,
DET,,0000205133UN322,000,,209097505,X,N,10,02/11/2025 23:59:54,03/11/2025 23:59:53,RD,13.69,
DET,,0000205133UN322,000,,209097505,X,D,14,03/11/2025 23:59:54,04/11/2025 23:59:53,RD,15.13,
DET,,0000205133UN322,000,,209097505,X,N,10,03/11/2025 23:59:54,04/11/2025 23:59:53,RD,9.74,
DET,,0000205133UN322,000,,209097505,X,D,14,04/11/2025 23:59:54,05/11/2025 23:59:53,RD,12.94,
DET,,0000205133UN322,000,,209097505,X,N,10,04/11/2025 23:59:54,05/11/2025 23:59:53,RD,8.94,
DET,,0000205133UN322,000,,209097505,X,D,14,05/11/2025 23:59:54,06/11/2025 23:59:53,RD,10.66,
DET,,0000205133UN322,000,,209097505,X,N,10,05/11/2025 23:59:54,06/11/2025 23:59:53,RD,10.09,
DET,,0000205133UN322,000,,209097505,X,D,14,06/11/2025 23:59:54,07/11/2025 23:59:53,RD,12.53,
DET,,0000205133UN322,000,,209097505,X,N,10,06/11/2025 23:59:54,07/11/2025 23:59:53,RD,10.44,
DET,,0000205133UN322,000,,209097505,X,D,14,07/11/2025 23:59:54,08/11/2025 23:59:53,RD,10.51,
DET,,0000205133UN322,000,,209097505,X,N,10,07/11/2025 23:59:54,08/11/2025 23:59:53,RD,31.9,
DET,,0000205133UN322,000,,209097505,X,D,14,08/11/2025 23:59:54,09/11/2025 23:59:53,RD,15.9,
DET,,0000205133UN322,000,,209097505,X,N,10,08/11/2025 23:59:54,09/11/2025 23:59:53,RD,28.4,
DET,,0000205133UN322,000,,209097505,X,D,14,09/11/2025 23:59:54,10/11/2025 23:59:53,RD,14.17,
DET,,0000205133UN322,000,,209097505,X,N,10,09/11/2025 23:59:54,10/11/2025 23:59:53,RD,16.02,
DET,,0000205133UN322,000,,209097505,X,D,14,10/11/2025 23:59:54,11/11/2025 23:59:53,RD,13.25,
DET,,0000205133UN322,000,,209097505,X,N,10,10/11/2025 23:59:54,11/11/2025 23:59:53,RD,14.22,
DET,,0000205133UN322,000,,209097505,X,D,14,11/11/2025 23:59:54,12/11/2025 23:59:53,RD,17.53,
DET,,0000205133UN322,000,,209097505,X,N,10,11/11/2025 23:59:54,12/11/2025 23:59:53,RD,13.05,
DET,,0000205133UN322,000,,209097505,X,D,14,12/11/2025 23:59:54,13/11/2025 23:59:53,RD,12.33,
DET,,0000205133UN322,000,,209097505,X,N,10,12/11/2025 23:59:54,13/11/2025 23:59:53,RD,10.87,
DET,,0000205133UN322,000,,209097505,X,D,14,13/11/2025 23:59:54,14/11/2025 23:59:53,RD,15.28,
DET,,0000205133UN322,000,,209097505,X,N,10,13/11/2025 23:59:54,14/11/2025 23:59:53,RD,36.4,
DET,,0000205133UN322,000,,209097505,X,D,14,14/11/2025 23:59:54,15/11/2025 23:59:53,RD,14.71,
DET,,0000205133UN322,000,,209097505,X,N,10,14/11/2025 23:59:54,15/11/2025 23:59:53,RD,40.78,
DET,,0000205133UN322,000,,209097505,X,D,14,15/11/2025 23:59:54,16/11/2025 23:59:53,RD,15.59,
DET,,0000205133UN322,000,,209097505,X,N,10,15/11/2025 23:59:54,16/11/2025 23:59:53,RD,10.66,
DET,,0000205133UN322,000,,209097505,X,D,14,16/11/2025 23:59:54,17/11/2025 23:59:53,RD,14.38,
DET,,0000205133UN322,000,,209097505,X,N,10,16/11/2025 23:59:54,17/11/2025 23:59:53,RD,11.39,
DET,,0000205133UN322,000,,209097505,X,D,14,17/11/2025 23:59:54,18/11/2025 23:59:53,RD,17.28,
DET,,0000205133UN322,000,,209097505,X,N,10,17/11/2025 23:59:54,18/11/2025 23:59:53,RD,10.09,
DET,,0000205133UN322,000,,209097505,X,D,14,18/11/2025 23:59:54,19/11/2025 23:59:53,RD,19.02,
DET,,0000205133UN322,000,,209097505,X,N,10,18/11/2025 23:59:54,19/11/2025 23:59:53,RD,34.98,
DET,,0000205133UN322,000,,209097505,X,D,14,19/11/2025 23:59:54,20/11/2025 23:59:53,RD,17.47,
DET,,0000205133UN322,000,,209097505,X,N,10,19/11/2025 23:59:54,20/11/2025 23:59:53,RD,40.4,
DET,,0000205133UN322,000,,209097505,X,D,14,20/11/2025 23:59:54,21/11/2025 23:59:53,RD,15.65,
DET,,0000205133UN322,000,,209097505,X,N,10,20/11/2025 23:59:54,21/11/2025 23:59:53,RD,11.69,
DET,,0000205133UN322,000,,209097505,X,D,14,21/11/2025 23:59:54,22/11/2025 23:59:53,RD,11.7,
DET,,0000205133UN322,000,,209097505,X,N,10,21/11/2025 23:59:54,22/11/2025 23:59:53,RD,11.06,
DET,,0000205133UN322,000,,209097505,X,D,14,22/11/2025 23:59:54,23/11/2025 23:59:53,RD,17.35,
DET,,0000205133UN322,000,,209097505,X,N,10,22/11/2025 23:59:54,23/11/2025 23:59:53,RD,16.15,
DET,,0000205133UN322,000,,209097505,X,D,14,23/11/2025 23:59:54,24/11/2025 23:59:53,RD,13.52,
DET,,0000205133UN322,000,,209097505,X,N,10,23/11/2025 23:59:54,24/11/2025 23:59:53,RD,17.82,
DET,,0000205133UN322,000,,209097505,X,D,14,24/11/2025 23:59:54,25/11/2025 23:59:53,RD,15.68,
DET,,0000205133UN322,000,,209097505,X,N,10,24/11/2025 23:59:54,25/11/2025 23:59:53,RD,33.81,
DET,,0000205133UN322,000,,209097505,X,D,14,25/11/2025 23:59:54,26/11/2025 23:59:53,RD,13.86,
DET,,0000205133UN322,000,,209097505,X,N,10,25/11/2025 23:59:54,26/11/2025 23:59:53,RD,36.11,
DET,,0000205133UN322,000,,209097505,X,D,14,26/11/2025 23:59:54,27/11/2025 23:59:53,RD,16.11,
DET,,0000205133UN322,000,,209097505,X,N,10,26/11/2025 23:59:54,27/11/2025 23:59:53,RD,11.76,
DET,,0000205133UN322,000,,209097505,X,D,14,27/11/2025 23:59:54,28/11/2025 23:59:53,RD,12.44,
DET,,0000205133UN322,000,,209097505,X,N,10,27/11/2025 23:59:54,28/11/2025 23:59:53,RD,15.15,
DET,,0000205133UN322,000,,209097505,X,D,14,28/11/2025 23:59:54,29/11/2025 23:59:53,RD,9.83,
DET,,0000205133UN322,000,,209097505,X,N,10,28/11/2025 23:59:54,29/11/2025 23:59:53,RD,30.57,
DET,,0000205133UN322,000,,209097505,X,D,14,29/11/2025 23:59:54,30/11/2025 23:59:53,RD,15.24,
DET,,0000205133UN322,000,,209097505,X,N,10,29/11/2025 23:59:54,30/11/2025 23:59:53,RD,33.16,
DET,,0000205133UN322,000,,209097505,X,D,14,30/11/2025 23:59:54,01/12/2025 23:59:53,RD,12.61,
DET,,0000205133UN322,000,,209097505,X,N,10,30/11/2025 23:59:54,01/12/2025 23:59:53,RD,15.97,
DET,,0000205133UN322,000,,209097505,X,D,14,01/12/2025 23:59:54,02/12/2025 23:59:53,RD,11.84,
DET,,0000205133UN322,000,,209097505,X,N,10,01/12/2025 23:59:54,02/12/2025 23:59:53,RD,14.41,
DET,,0000205133UN322,000,,209097505,X,D,14,02/12/2025 23:59:54,03/12/2025 23:59:53,RD,16.68,
DET,,0000205133UN322,000,,209097505,X,N,10,02/12/2025 23:59:54,03/12/2025 23:59:53,RD,14.22,
DET,,0000205133UN322,000,,209097505,X,D,14,03/12/2025 23:59:54,04/12/2025 23:59:53,RD,14.98,
DET,,0000205133UN322,000,,209097505,X,N,10,03/12/2025 23:59:54,04/12/2025 23:59:53,RD,27.41,
DET,,0000205133UN322,000,,209097505,X,D,14,04/12/2025 23:59:54,05/12/2025 23:59:53,RD,13.47,
DET,,0000205133UN322,000,,209097505,X,N,10,04/12/2025 23:59:54,05/12/2025 23:59:53,RD,39.67,
DET,,0000205133UN322,000,,209097505,X,D,14,05/12/2025 23:59:54,06/12/2025 23:59:53,RD,10.73,
DET,,0000205133UN322,000,,209097505,X,N,10,05/12/2025 23:59:54,06/12/2025 23:59:53,RD,14.76,
DET,,0000205133UN322,000,,209097505,X,D,14,06/12/2025 23:59:54,07/12/2025 23:59:53,RD,10.75,
DET,,0000205133UN322,000,,209097505,X,N,10,06/12/2025 23:59:54,07/12/2025 23:59:53,RD,17.97,
DET,,0000205133UN322,000,,209097505,X,D,14,07/12/2025 23:59:54,08/12/2025 23:59:53,RD,11.27,
DET,,0000205133UN322,000,,209097505,X,N,10,07/12/2025 23:59:54,08/12/2025 23:59:53,RD,17.71,
DET,,0000205133UN322,000,,209097505,X,D,14,08/12/2025 23:59:54,09/12/2025 23:59:53,RD,10.35,
DET,,0000205133UN322,000,,209097505,X,N,10,08/12/2025 23:59:54,09/12/2025 23:59:53,RD,9.83,
DET,,0000205133UN322,000,,209097505,X,D,14,09/12/2025 23:59:54,10/12/2025 23:59:53,RD,13.89,
DET,,0000205133UN322,000,,209097505,X,N,10,09/12/2025 23:59:54,10/12/2025 23:59:53,RD,35.91,
DET,,0000205133UN322,000,,209097505,X,D,14,10/12/2025 23:59:54,11/12/2025 23:59:53,RD,11.9,
DET,,0000205133UN322,000,,209097505,X,N,10,10/12/2025 23:59:54,11/12/2025 23:59:53,RD,47.18,
DET,,0000205133UN322,000,,209097505,X,D,14,11/12/2025 23:59:54,12/12/2025 23:59:53,RD,12.9,
DET,,0000205133UN322,000,,209097505,X,N,10,11/12/2025 23:59:54,12/12/2025 23:59:53,RD,13.12,
DET,,0000205133UN322,000,,209097505,X,D,14,12/12/2025 23:59:54,13/12/2025 23:59:53,RD,9.95,
DET,,0000205133UN322,000,,209097505,X,N,10,12/12/2025 23:59:54,13/12/2025 23:59:53,RD,11.11,
DET,,0000205133UN322,000,,209097505,X,D,14,13/12/2025 23:59:54,14/12/2025 23:59:53,RD,12.22,
DET,,0000205133UN322,000,,209097505,X,N,10,13/12/2025 23:59:54,14/12/2025 23:59:53,RD,10.89,
DET,,0000205133UN322,000,,209097505,X,D,14,14/12/2025 23:59:54,15/12/2025 23:59:53,RD,12.33,
DET,,0000205133UN322,000,,209097505,X,N,10,14/12/2025 23:59:54,15/12/2025 23:59:53,RD,15.17,
DET,,0000205133UN322,000,,209097505,X,D,14,15/12/2025 23:59:54,16/12/2025 23:59:53,RD,14.78,
DET,,0000205133UN322,000,,209097505,X,N,10,15/12/2025 23:59:54,16/12/2025 23:59:53,RD,41.24,
DET,,0000205133UN322,000,,209097505,X,D,14,16/12/2025 23:59:54,17/12/2025 23:59:53,RD,13.3,
DET,,0000205133UN322,000,,209097505,X,N,10,16/12/2025 23:59:54,17/12/2025 23:59:53,RD,43.19,
DET,,0000205133UN322,000,,209097505,X,D,14,17/12/2025 23:59:54,18/12/2025 23:59:53,RD,11.38,
DET,,0000205133UN322,000,,209097505,X,N,10,17/12/2025 23:59:54,18/12/2025 23:59:53,RD,10.16,
DET,,0000205133UN322,000,,209097505,X,D,14,18/12/2025 23:59:54,19/12/2025 23:59:53,RD,19.77,
DET,,0000205133UN322,000,,209097505,X,N,10,18/12/2025 23:59:54,19/12/2025 23:59:53,RD,14.09,
DET,,0000205133UN322,000,,209097505,X,D,14,19/12/2025 23:59:54,20/12/2025 23:59:53,RD,11.69,
DET,,0000205133UN322,000,,209097505,X,N,10,19/12/2025 23:59:54,20/12/2025 23:59:53,RD,13.88,
DET,,0000205133UN322,000,,209097505,X,D,14,20/12/2025 23:59:54,21/12/2025 23:59:53,RD,17.96,
DET,,0000205133UN322,000,,209097505,X,N,10,20/12/2025 23:59:54,21/12/2025 23:59:53,RD,12.53,
DET,,0000205133UN322,000,,209097505,X,D,14,21/12/2025 23:59:54,22/12/2025 23:59:53,RD,15.47,
DET,,0000205133UN322,000,,209097505,X,N,10,21/12/2025 23:59:54,22/12/2025 23:59:53,RD,33.03,
DET,,0000205133UN322,000,,209097505,X,D,14,22/12/2025 23:59:54,23/12/2025 23:59:53,RD,20.15,
DET,,0000205133UN322,000,,209097505,X,N,10,22/12/2025 23:59:54,23/12/2025 23:59:53,RD,30.77,
DET,,0000205133UN322,000,,209097505,X,D,14,23/12/2025 23:59:54,24/12/2025 23:59:53,RD,24.84,
DET,,0000205133UN322,000,,209097505,X,N,10,23/12/2025 23:59:54,24/12/2025 23:59:53,RD,11.04,
DET,,0000205133UN322,000,,209097505,X,D,14,24/12/2025 23:59:54,25/12/2025 23:59:53,RD,26.58,
DET,,0000205133UN322,000,,209097505,X,N,10,24/12/2025 23:59:54,25/12/2025 23:59:53,RD,11.3,
DET,,0000205133UN322,000,,209097505,X,D,14,25/12/2025 23:59:54,26/12/2025 23:59:53,RD,22.37,
DET,,0000205133UN322,000,,209097505,X,N,10,25/12/2025 23:59:54,26/12/2025 23:59:53,RD,12.63,
DET,,0000205133UN322,000,,209097505,X,D,14,26/12/2025 23:59:54,27/12/2025 23:59:53,RD,23.85,
DET,,0000205133UN322,000,,209097505,X,N,10,26/12/2025 23:59:54,27/12/2025 23:59:53,RD,30.7,
DET,,0000205133UN322,000,,209097505,X,D,14,27/12/2025 23:59:54,28/12/2025 23:59:53,RD,18.21,
DET,,0000205133UN322,000,,209097505,X,N,10,27/12/2025 23:59:54,28/12/2025 23:59:53,RD,10.09,
DET,,0000205133UN322,000,,209097505,X,D,14,28/12/2025 23:59:54,29/12/2025 23:59:53,RD,23.5,
DET,,0000205133UN322,000,,209097505,X,N,10,28/12/2025 23:59:54,29/12/2025 23:59:53,RD,9.83,
DET,,0000205133UN322,000,,209097505,X,D,14,29/12/2025 23:59:54,30/12/2025 23:59:53,RD,15.17,
DET,,0000205133UN322,000,,209097505,X,N,10,29/12/2025 23:59:54,30/12/2025 23:59:53,RD,11.87,
DET,,0000205133UN322,000,,209097505,X,D,14,30/12/2025 23:59:54,31/12/2025 23:59:53,RD,15.42,
DET,,0000205133UN322,000,,209097505,X,N,10,30/12/2025 23:59:54,31/12/2025 23:59:53,RD,29.7,
DET,,0000205133UN322,000,,209097505,X,D,14,31/12/2025 23:59:54,01/01/2026 23:59:53,RD,14.33,
DET,,0000205133UN322,000,,209097505,X,N,10,31/12/2025 23:59:54,01/01/2026 23:59:53,RD,40.28,
DET,,0000205133UN322,000,,209097505,X,D,14,01/01/2026 23:59:54,02/01/2026 23:59:53,RD,20.16,
DET,,0000205133UN322,000,,209097505,X,N,10,01/01/2026 23:59:54,02/01/2026 23:59:53,RD,10.5,
DET,,0000205133UN322,000,,209097505,X,D,14,02/01/2026 23:59:54,03/01/2026 23:59:53,RD,12.9,
DET,,0000205133UN322,000,,209097505,X,N,10,02/01/2026 23:59:54,03/01/2026 23:59:53,RD,29.29,
DET,,0000205133UN322,000,,209097505,X,D,14,03/01/2026 23:59:54,04/01/2026 23:59:53,RD,5.59,
DET,,0000205133UN322,000,,209097505,X,N,10,03/01/2026 23:59:54,04/01/2026 23:59:53,RD,18.83,
DET,,0000205133UN322,000,,209097505,X,D,14,04/01/2026 23:59:54,05/01/2026 23:59:53,RD,3.59,
DET,,0000205133UN322,000,,209097505,X,N,10,04/01/2026 23:59:54,05/01/2026 23:59:53,RD,4.76,
DET,,0000205133UN322,000,,209097505,X,D,14,05/01/2026 23:59:54,06/01/2026 23:59:53,RD,3.55,
DET,,0000205133UN322,000,,209097505,X,N,10,05/01/2026 23:59:54,06/01/2026 23:59:53,RD,4.74,
DET,,0000205133UN322,000,,209097505,X,D,14,06/01/2026 23:59:54,07/01/2026 23:59:53,RD,3.8,
DET,,0000205133UN322,000,,209097505,X,N,10,06/01/2026 23:59:54,07/01/2026 23:59:53,RD,4.87,
DET,,0000205133UN322,000,,209097505,X,D,14,07/01/2026 23:59:54,08/01/2026 23:59:53,RD,3.98,
DET,,0000205133UN322,000,,209097505,X,N,10,07/01/2026 23:59:54,08/01/2026 23:59:53,RD,4.9,
DET,,0000205133UN322,000,,209097505,X,D,14,08/01/2026 23:59:54,09/01/2026 23:59:53,RD,3.9,
DET,,0000205133UN322,000,,209097505,X,N,10,08/01/2026 23:59:54,09/01/2026 23:59:53,RD,4.82,
DET,,0000205133UN322,000,,209097505,X,D,14,09/01/2026 23:59:54,10/01/2026 23:59:53,RD,4.01,
DET,,0000205133UN322,000,,209097505,X,N,10,09/01/2026 23:59:54,10/01/2026 23:59:53,RD,4.95,
DET,,0000205133UN322,000,,209097505,X,D,14,10/01/2026 23:59:54,11/01/2026 23:59:53,RD,3.83,
DET,,0000205133UN322,000,,209097505,X,N,10,10/01/2026 23:59:54,11/01/2026 23:59:53,RD,4.92,
DET,,0000205133UN322,000,,209097505,X,D,14,11/01/2026 23:59:54,12/01/2026 23:59:53,RD,4.06,
DET,,0000205133UN322,000,,209097505,X,N,10,11/01/2026 23:59:54,12/01/2026 23:59:53,RD,4.94,
DET,,0000205133UN322,000,,209097505,X,D,14,12/01/2026 23:59:54,13/01/2026 23:59:53,RD,3.66,
DET,,0000205133UN322,000,,209097505,X,N,10,12/01/2026 23:59:54,13/01/2026 23:59:53,RD,4.78,
DET,,0000205133UN322,000,,209097505,X,D,14,13/01/2026 23:59:54,14/01/2026 23:59:53,RD,12.85,
DET,,0000205133UN322,000,,209097505,X,N,10,13/01/2026 23:59:54,14/01/2026 23:59:53,RD,13.35,
DET,,0000205133UN322,000,,209097505,X,D,14,14/01/2026 23:59:54,15/01/2026 23:59:53,RD,10.53,
DET,,0000205133UN322,000,,209097505,X,N,10,14/01/2026 23:59:54,15/01/2026 23:59:53,RD,60.65,
DET,,0000205133UN322,000,,209097505,X,D,14,15/01/2026 23:59:54,16/01/2026 23:59:53,RD,12.64,
DET,,0000205133UN322,000,,209097505,X,N,10,15/01/2026 23:59:54,16/01/2026 23:59:53,RD,9.41,
DET,,0000205133UN322,000,,209097505,X,D,14,16/01/2026 23:59:54,17/01/2026 23:59:53,RD,15.29,
DET,,0000205133UN322,000,,209097505,X,N,10,16/01/2026 23:59:54,17/01/2026 23:59:53,RD,11.18,
DET,,0000205133UN322,000,,209097505,X,D,14,17/01/2026 23:59:54,18/01/2026 23:59:53,RD,16.66,
DET,,0000205133UN322,000,,209097505,X,N,10,17/01/2026 23:59:54,18/01/2026 23:59:53,RD,11.02,
DET,,0000205133UN322,000,,209097505,X,D,14,18/01/2026 23:59:54,19/01/2026 23:59:53,RD,13.65,
DET,,0000205133UN322,000,,209097505,X,N,10,18/01/2026 23:59:54,19/01/2026 23:59:53,RD,10.99,
DET,,0000205133UN322,000,,209097505,X,D,14,19/01/2026 23:59:54,20/01/2026 23:59:53,RD,16.32,
DET,,0000205133UN322,000,,209097505,X,N,10,19/01/2026 23:59:54,20/01/2026 23:59:53,RD,34.6,
DET,,0000205133UN322,000,,209097505,X,D,14,20/01/2026 23:59:54,21/01/2026 23:59:53,RD,16.37,
DET,,0000205133UN322,000,,209097505,X,N,10,20/01/2026 23:59:54,21/01/2026 23:59:53,RD,27.19,
DET,,0000205133UN322,000,,209097505,X,D,14,21/01/2026 23:59:54,22/01/2026 23:59:53,RD,17.34,
DET,,0000205133UN322,000,,209097505,X,N,10,21/01/2026 23:59:54,22/01/2026 23:59:53,RD,8.9,
DET,,0000205133UN322,000,,209097505,X,D,14,22/01/2026 23:59:54,23/01/2026 23:59:53,RD,12.66,
DET,,0000205133UN322,000,,209097505,X,N,10,22/01/2026 23:59:54,23/01/2026 23:59:53,RD,9.95,
DET,,0000205133UN322,000,,209097505,X,D,14,23/01/2026 23:59:54,24/01/2026 23:59:53,RD,18.05,
DET,,0000205133UN322,000,,209097505,X,N,10,23/01/2026 23:59:54,24/01/2026 23:59:53,RD,10.46,
DET,,0000205133UN322,000,,209097505,X,D,14,24/01/2026 23:59:54,25/01/2026 23:59:53,RD,12.56,
DET,,0000205133UN322,000,,209097505,X,N,10,24/01/2026 23:59:54,25/01/2026 23:59:53,RD,10.86,
DET,,0000205133UN322,000,,209097505,X,D,14,25/01/2026 23:59:54,26/01/2026 23:59:53,RD,17.36,
DET,,0000205133UN322,000,,209097505,X,N,10,25/01/2026 23:59:54,26/01/2026 23:59:53,RD,10.42,
DET,,0000205133UN322,000,,209097505,X,D,14,26/01/2026 23:59:54,27/01/2026 23:59:53,RD,26.86,
DET,,0000205133UN322,000,,209097505,X,N,10,26/01/2026 23:59:54,27/01/2026 23:59:53,RD,11.58,
DET,,0000205133UN322,000,,209097505,X,D,14,27/01/2026 23:59:54,28/01/2026 23:59:53,RD,15.64,
DET,,0000205133UN322,000,,209097505,X,N,10,27/01/2026 23:59:54,28/01/2026 23:59:53,RD,13.12,
DET,,0000205133UN322,000,,209097505,X,D,14,28/01/2026 23:59:54,29/01/2026 23:59:53,RD,14.64,
DET,,0000205133UN322,000,,209097505,X,N,10,28/01/2026 23:59:54,29/01/2026 23:59:53,RD,39.62,
DET,,0000205133UN322,000,,209097505,X,D,14,29/01/2026 23:59:54,30/01/2026 23:59:53,RD,9.28,
DET,,0000205133UN322,000,,209097505,X,N,10,29/01/2026 23:59:54,30/01/2026 23:59:53,RD,42.74,
DET,,0000205133UN322,000,,209097505,X,D,14,30/01/2026 23:59:54,31/01/2026 23:59:53,RD,19.75,
DET,,0000205133UN322,000,,209097505,X,N,10,30/01/2026 23:59:54,31/01/2026 23:59:53,RD,15.84,
DET,,0000205133UN322,000,,209097505,X,D,14,31/01/2026 23:59:54,01/02/2026 23:59:53,RD,13.59,
DET,,0000205133UN322,000,,209097505,X,N,10,31/01/2026 23:59:54,01/02/2026 23:59:53,RD,38.09,
DET,,0000205133UN322,000,,209097505,X,D,14,01/02/2026 23:59:54,02/02/2026 23:59:53,RD,14.0,
DET,,0000205133UN322,000,,209097505,X,N,10,01/02/2026 23:59:54,02/02/2026 23:59:53,RD,39.85,
DET,,0000205133UN322,000,,209097505,X,D,14,02/02/2026 23:59:54,03/02/2026 23:59:53,RD,14.38,
DET,,0000205133UN322,000,,209097505,X,N,10,02/02/2026 23:59:54,03/02/2026 23:59:53,RD,13.63,
DET,,0000205133UN322,000,,209097505,X,D,14,03/02/2026 23:59:54,04/02/2026 23:59:53,RD,12.29,
DET,,0000205133UN322,000,,209097505,X,N,10,03/02/2026 23:59:54,04/02/2026 23:59:53,RD,22.19,
DET,,0000205133UN322,000,,209097505,X,D,14,04/02/2026 23:59:54,05/02/2026 23:59:53,RD,13.12,
DET,,0000205133UN322,000,,209097505,X,N,10,04/02/2026 23:59:54,05/02/2026 23:59:53,RD,10.69,
DET,,0000205133UN322,000,,209097505,X,D,14,05/02/2026 23:59:54,06/02/2026 23:59:53,RD,15.76,
DET,,0000205133UN322,000,,209097505,X,N,10,05/02/2026 23:59:54,06/02/2026 23:59:53,RD,12.84,
DET,,0000205133UN322,000,,209097505,X,D,14,06/02/2026 23:59:54,07/02/2026 23:59:53,RD,14.73,
DET,,0000205133UN322,000,,209097505,X,N,10,06/02/2026 23:59:54,07/02/2026 23:59:53,RD,12.51,
DET,,0000205133UN322,000,,209097505,X,D,14,07/02/2026 23:59:54,08/02/2026 23:59:53,RD,15.2,
DET,,0000205133UN322,000,,209097505,X,N,10,07/02/2026 23:59:54,08/02/2026 23:59:53,RD,16.87,
DET,,0000205133UN322,000,,209097505,X,D,14,08/02/2026 23:59:54,09/02/2026 23:59:53,RD,11.59,
DET,,0000205133UN322,000,,209097505,X,N,10,08/02/2026 23:59:54,09/02/2026 23:59:53,RD,14.67,
DET,,0000205133UN322,000,,209097505,X,D,14,09/02/2026 23:59:54,10/02/2026 23:59:53,RD,10.73,
DET,,0000205133UN322,000,,209097505,X,N,10,09/02/2026 23:59:54,10/02/2026 23:59:53,RD,15.18,
DET,,0000205133UN322,000,,209097505,X,D,14,10/02/2026 23:59:54,11/02/2026 23:59:53,RD,12.9,
DET,,0000205133UN322,000,,209097505,X,N,10,10/02/2026 23:59:54,11/02/2026 23:59:53,RD,36.79,
DET,,0000205133UN322,000,,209097505,X,D,14,11/02/2026 23:59:54,12/02/2026 23:59:53,RD,11.55,
DET,,0000205133UN322,000,,209097505,X,N,10,11/02/2026 23:59:54,12/02/2026 23:59:53,RD,41.73,
DET,,0000205133UN322,000,,209097505,X,D,14,12/02/2026 23:59:54,13/02/2026 23:59:53,RD,14.81,
DET,,0000205133UN322,000,,209097505,X,N,10,12/02/2026 23:59:54,13/02/2026 23:59:53,RD,12.64,
DET,,0000205133UN322,000,,209097505,X,D,14,13/02/2026 23:59:54,14/02/2026 23:59:53,RD,14.28,
DET,,0000205133UN322,000,,209097505,X,N,10,13/02/2026 23:59:54,14/02/2026 23:59:53,RD,18.06,
DET,,0000205133UN322,000,,209097505,X,D,14,14/02/2026 23:59:54,15/02/2026 23:59:53,RD,14.21,
DET,,0000205133UN322,000,,209097505,X,N,10,14/02/2026 23:59:54,15/02/2026 23:59:53,RD,15.5,
DET,,0000205133UN322,000,,209097505,X,D,14,15/02/2026 23:59:54,16/02/2026 23:59:53,RD,14.27,
DET,,0000205133UN322,000,,209097505,X,N,10,15/02/2026 23:59:54,16/02/2026 23:59:53,RD,16.11,
DET,,0000205133UN322,000,,209097505,X,D,14,16/02/2026 23:59:54,17/02/2026 23:59:53,RD,13.52,
DET,,0000205133UN322,000,,209097505,X,N,10,16/02/2026 23:59:54,17/02/2026 23:59:53,RD,11.14,
DET,,0000205133UN322,000,,209097505,X,D,14,17/02/2026 23:59:54,18/02/2026 23:59:53,RD,14.16,
DET,,0000205133UN322,000,,209097505,X,N,10,17/02/2026 23:59:54,18/02/2026 23:59:53,RD,10.69,
DET,,0000205133UN322,000,,209097505,X,D,14,18/02/2026 23:59:54,19/02/2026 23:59:53,RD,12.17,
DET,,0000205133UN322,000,,209097505,X,N,10,18/02/2026 23:59:54,19/02/2026 23:59:53,RD,10.51,
DET,,0000205133UN322,000,,209097505,X,D,14,19/02/2026 23:59:54,20/02/2026 23:59:53,RD,13.67,
DET,,0000205133UN322,000,,209097505,X,N,10,19/02/2026 23:59:54,20/02/2026 23:59:53,RD,13.24,
DET,,0000205133UN322,000,,209097505,X,D,14,20/02/2026 23:59:54,21/02/2026 23:59:53,RD,16.8,
DET,,0000205133UN322,000,,209097505,X,N,10,20/02/2026 23:59:54,21/02/2026 23:59:53,RD,18.64,
DET,,0000205133UN322,000,,209097505,X,D,14,21/02/2026 23:59:54,22/02/2026 23:59:53,RD,19.01,
DET,,0000205133UN322,000,,209097505,X,N,10,21/02/2026 23:59:54,22/02/2026 23:59:53,RD,15.48,
DET,,0000205133UN322,000,,209097505,X,D,14,22/02/2026 23:59:54,23/02/2026 23:59:53,RD,14.34,
DET,,0000205133UN322,000,,209097505,X,N,10,22/02/2026 23:59:54,23/02/2026 23:59:53,RD,36.11,
DET,,0000205133UN322,000,,209097505,X,D,14,23/02/2026 23:59:54,24/02/2026 23:59:53,RD,9.91,
DET,,0000205133UN322,000,,209097505,X,N,10,23/02/2026 23:59:54,24/02/2026 23:59:53,RD,34.97,
DET,,0000205133UN322,000,,209097505,X,D,14,24/02/2026 23:59:54,25/02/2026 23:59:53,RD,13.0,
DET,,0000205133UN322,000,,209097505,X,N,10,24/02/2026 23:59:54,25/02/2026 23:59:53,RD,15.4,
DET,,0000205133UN322,000,,209097505,X,D,14,25/02/2026 23:59:54,26/02/2026 23:59:53,RD,11.14,
DET,,0000205133UN322,000,,209097505,X,N,10,25/02/2026 23:59:54,26/02/2026 23:59:53,RD,10.04,
DET,,0000205133UN322,000,,209097505,X,D,14,26/02/2026 23:59:54,27/02/2026 23:59:53,RD,13.12,
DET,,0000205133UN322,000,,209097505,X,N,10,26/02/2026 23:59:54,27/02/2026 23:59:53,RD,13.63,
DET,,0000205133UN322,000,,209097505,X,D,14,27/02/2026 23:59:54,28/02/2026 23:59:53,RD,15.6,
DET,,0000205133UN322,000,,209097505,X,N,10,27/02/2026 23:59:54,28/02/2026 23:59:53,RD,13.96,
DET,,0000205133UN322,000,,209097505,X,D,14,28/02/2026 23:59:54,01/03/2026 23:59:53,RD,13.81,
DET,,0000205133UN322,000,,209097505,X,N,10,28/02/2026 23:59:54,01/03/2026 23:59:53,RD,15.5,
DET,,0000205133UN322,000,,209097505,X,D,14,01/03/2026 23:59:54,02/03/2026 23:59:53,RD,14.65,
DET,,0000205133UN322,000,,209097505,X,N,10,01/03/2026 23:59:54,02/03/2026 23:59:53,RD,10.67,
DET,,0000205133UN322,000,,209097505,X,D,14,02/03/2026 23:59:54,03/03/2026 23:59:53,RD,13.62,
DET,,0000205133UN322,000,,209097505,X,N,10,02/03/2026 23:59:54,03/03/2026 23:59:53,RD,10.81,
DET,,0000205133UN322,000,,209097505,X,D,14,03/03/2026 23:59:54,04/03/2026 23:59:53,RD,13.57,
DET,,0000205133UN322,000,,209097505,X,N,10,03/03/2026 23:59:54,04/03/2026 23:59:53,RD,33.92,
DET,,0000205133UN322,000,,209097505,X,D,14,04/03/2026 23:59:54,05/03/2026 23:59:53,RD,9.91,
DET,,0000205133UN322,000,,209097505,X,N,10,04/03/2026 23:59:54,05/03/2026 23:59:53,RD,41.94,
DET,,0000205133UN322,000,,209097505,X,D,14,05/03/2026 23:59:54,06/03/2026 23:59:53,RD,15.19,
DET,,0000205133UN322,000,,209097505,X,N,10,05/03/2026 23:59:54,06/03/2026 23:59:53,RD,11.27,
DET,,0000205133UN322,000,,209097505,X,D,14,06/03/2026 23:59:54,07/03/2026 23:59:53,RD,18.7,
DET,,0000205133UN322,000,,209097505,X,N,10,06/03/2026 23:59:54,07/03/2026 23:59:53,RD,12.04,
DET,,0000205133UN322,000,,209097505,X,D,14,07/03/2026 23:59:54,08/03/2026 23:59:53,RD,17.96,
DET,,0000205133UN322,000,,209097505,X,N,10,07/03/2026 23:59:54,08/03/2026 23:59:53,RD,17.13,
DET,,0000205133UN322,000,,209097505,X,D,14,08/03/2026 23:59:54,09/03/2026 23:59:53,RD,12.76,
DET,,0000205133UN322,000,,209097505,X,N,10,08/03/2026 23:59:54,09/03/2026 23:59:53,RD,10.13,
DET,,0000205133UN322,000,,209097505,X,D,14,09/03/2026 23:59:54,10/03/2026 23:59:53,RD,14.71,
DET,,0000205133UN322,000,,209097505,X,N,10,09/03/2026 23:59:54,10/03/2026 23:59:53,RD,13.54,
DET,,0000205133UN322,000,,209097505,X,D,14,10/03/2026 23:59:54,11/03/2026 23:59:53,RD,13.84,
DET,,0000205133UN322,000,,209097505,X,N,10,10/03/2026 23:59:54,11/03/2026 23:59:53,RD,11.07,
DET,,0000205133UN322,000,,209097505,X,D,14,11/03/2026 23:59:54,12/03/2026 23:59:53,RD,13.48,
DET,,0000205133UN322,000,,209097505,X,N,10,11/03/2026 23:59:54,12/03/2026 23:59:53,RD,33.0,
DET,,0000205133UN322,000,,209097505,X,D,14,12/03/2026 23:59:54,13/03/2026 23:59:53,RD,10.6,
DET,,0000205133UN322,000,,209097505,X,N,10,12/03/2026 23:59:54,13/03/2026 23:59:53,RD,37.2,
DET,,0000205133UN322,000,,209097505,X,D,14,13/03/2026 23:59:54,14/03/2026 23:59:53,RD,10.45,
DET,,0000205133UN322,000,,209097505,X,N,10,13/03/2026 23:59:54,14/03/2026 23:59:53,RD,11.23,
DET,,0000205133UN322,000,,209097505,X,D,14,14/03/2026 23:59:54,15/03/2026 23:59:53,RD,15.35,
DET,,0000205133UN322,000,,209097505,X,N,10,14/03/2026 23:59:54,15/03/2026 23:59:53,RD,9.22,
DET,,0000205133UN322,000,,209097505,X,D,14,15/03/2026 23:59:54,16/03/2026 23:59:53,RD,8.64,
DET,,0000205133UN322,000,,209097505,X,N,10,15/03/2026 23:59:54,16/03/2026 23:59:53,RD,13.05,
DET,,0000205133UN322,000,,209097505,X,D,14,16/03/2026 23:59:54,17/03/2026 23:59:53,RD,11.17,
DET,,0000205133UN322,000,,209097505,X,N,10,16/03/2026 23:59:54,17/03/2026 23:59:53,RD,24.16,
DET,,0000205133UN322,000,,209097505,X,D,14,17/03/2026 23:59:54,18/03/2026 23:59:53,RD,13.59,
DET,,0000205133UN322,000,,209097505,X,N,10,17/03/2026 23:59:54,18/03/2026 23:59:53,RD,52.95,
DET,,0000205133UN322,000,,209097505,X,D,14,18/03/2026 23:59:54,19/03/2026 23:59:53,RD,11.49,
DET,,0000205133UN322,000,,209097505,X,N,10,18/03/2026 23:59:54,19/03/2026 23:59:53,RD,10.41,
DET,,0000205133UN322,000,,209097505,X,D,14,19/03/2026 23:59:54,20/03/2026 23:59:53,RD,12.98,
DET,,0000205133UN322,000,,209097505,X,N,10,19/03/2026 23:59:54,20/03/2026 23:59:53,RD,9.4,
DET,,0000205133UN322,000,,209097505,X,D,14,20/03/2026 23:59:54,21/03/2026 23:59:53,RD,9.33,
DET,,0000205133UN322,000,,209097505,X,N,10,20/03/2026 23:59:54,21/03/2026 23:59:53,RD,7.44,
DET,,0000205133UN322,000,,209097505,X,D,14,21/03/2026 23:59:54,22/03/2026 23:59:53,RD,15.0,
DET,,0000205133UN322,000,,209097505,X,N,10,21/03/2026 23:59:54,22/03/2026 23:59:53,RD,15.15,
DET,,0000205133UN322,000,,209097505,X,D,14,22/03/2026 23:59:54,23/03/2026 23:59:53,RD,14.69,
DET,,0000205133UN322,000,,209097505,X,N,10,22/03/2026 23:59:54,23/03/2026 23:59:53,RD,36.93,
DET,,0000205133UN322,000,,209097505,X,D,14,23/03/2026 23:59:54,24/03/2026 23:59:53,RD,10.56,
DET,,0000205133UN322,000,,209097505,X,N,10,23/03/2026 23:59:54,24/03/2026 23:59:53,RD,40.14,
DET,,0000205133UN322,000,,209097505,X,D,14,24/03/2026 23:59:54,25/03/2026 23:59:53,RD,15.0,
DET,,0000205133UN322,000,,209097505,X,N,10,24/03/2026 23:59:54,25/03/2026 23:59:53,RD,11.01,